Workbook

Sheet Sheet2
A1: ID | B1: 品种 | C1: 规格 | D1: 单位 | E1: 2023/1/4 | F1: 2023/1/11 | G1: 2023/1/18 | H1: 2023/2/1 | I1: 2023/2/8 | J1: 2023/2/15 | K1: 2023/2/22 | L1: 2023/3/1 | M1: 2023/3/8 | N1: 2023/3/15 | O1: 2023/3/22 | P1: 2023/3/29 | Q1: 2023/4/5 | R1: 2023/4/12 | S1: 2023/4/19 | T1: 2023/4/26 | U1: 2023/5/05 | V1: 2023/5/10 | W1: 2023/5/17 | X1: 2023/5/24 | Y1: 2023/5/31 | Z1: 2023/6/7 | AA1: 2023/6/14 | AB1: 2023/6/21 | AC1: 2023/6/28 | AD1: 45112 | AE1: 45120 | AF1: 45126 | AG1: 45133 | AH1: 45140 | AI1: 45147 | AJ1: 45154 | AK1: 45161 | AL1: 45168 | AM1: 45175 | AN1: 45182 | AO1: 45189 | AP1: 45196 | AQ1: 45210 | AR1: 45217 | AS1: 45224 | AT1: 45231 | AU1: 45238 | AV1: 45245 | AW1: 45252 | AX1: 45260 | AY1: 45266 | AZ1: 45273 | BA1: 45280 | BB1: 45287 | BC1: 45294 | BD1: 45301 | BE1: 45308 | BF1: 45315 | BG1: 45322 | BH1: 45329 | BI1: 45343 | BJ1: 45351 | BK1: 45357 | BL1: 45364 | BM1: 45371 | BN1: 45378 | BO1: 45385 | BP1: 45392 | BQ1: 45399 | BR1: 45406 | BS1: 45420 | BT1: 45427 | BU1: 45434 | BV1: 45441 | BW1: 45448 | BX1: 45455 | BY1: 45462 | BZ1: 45469 | CA1: 45476 | CB1: 45483 | CC1: 45490 | CD1: 45497 | CE1: 45504 | CF1: 45511 | CG1: 45518 | CH1: 45525 | CI1: 45532 | CJ1: 45539 | CK1: 45546 | CL1: 45549 | CM1: 45553 | CN1: 45560 | CO1: 45574 | CP1: 45581 | CQ1: 45588 | CR1: 45595 | CS1: 45602 | CT1: 45609 | CU1: 45616 | CV1: 45623 | CW1: 45630 | CX1: 45637 | CY1: 45644 | CZ1: 45651 | DA1: 45659 | DB1: 45665 | DC1: 45672 | DD1: 45679 | DE1: 45693 | DF1: 45700 | DG1: 45707 | DH1: 45714 | DI1: 45721 | DJ1: 45728 | DK1: 45735 | DL1: 45742 | DM1: 45743 | DN1: 45749 | DO1: 45756 | DP1: 45763 | DQ1: 45770 | DR1: 45777 | DS1: 45784 | DT1: 45791 | DU1: 45792 | DV1: 45798 | DW1: 45805 | DX1: 45812 | DY1: 45813 | DZ1: 45819 | EA1: 45826 | EB1: 45833 | EC1: 45840 | ED1: 45847 | EE1: 45854 | EF1: 45861 | EG1: 45868 | EH1: 45875 | EI1: 45882 | EJ1: 45889 | EK1: 45896 | EL1: 45903 | EM1: 45910 | EN1: 45917 | EO1: 45924 | EP1: 45939 | EQ1: 45945 | ER1: 45952 | ES1: 45959 | ET1: 45966 | EU1: 45973 | EV1: 45980 | EW1: 45987 | EX1: 45994 | EY1: 46001 | EZ1: 46008 | FA1: 46015 | FB1: 46022 | FC1: 46029 | FD1: 46036 | FE1: 46043 | FF1: 46050 | FG1: 46057 | FH1: 46064 | FI1: 46078 | FJ1: 46085 | FK1: 46092 | FL1: 46099 | FM1: 46106 | FN1: 46113 | FO1: 46120 | FP1: 46127 | FQ1: 46134 | FR1: 46141 | FS1: 46148 | FT1: 46155 | FU1: 46162 | FV1: 46169 | FW1: 46176 | FX1: 46183 | FY1: 46190 | FZ1: 46197 | GA1: 46204 | GB1: 46210 | GC1: 46218 | GD1: 46225 | GE1: 46232 | GF1: 46239 | GG1: 46246 | GH1: 46253 | GI1: 46260 | GJ1: 46267 | GK1: 46274 | GL1: 46281
A2: A2 | B2: 中国产复投多晶硅料9N | C2: 单晶用料-复投 | D2: 元/公斤 | E2: 210 | F2: 170 | G2: 170 | H2: 208 | I2: 240 | J2: 241 | K2: 241 | L2: 240 | M2: 228 | N2: 220 | O2: 215 | P2: 209 | Q2: 201 | R2: 196 | S2: 194 | T2: 182 | U2: 181 | V2: 161 | W2: 140 | X2: 135 | Y2: 120 | Z2: 115 | AA2: 65 | AB2: 64.8 | AC2: 64 | AD2: 64 | AE2: 64.5 | AF2: 66 | AG2: 68 | AH2: 70.5 | AI2: 71.5 | AJ2: 73.5 | AK2: 75 | AL2: 80 | AM2: 82 | AN2: 82 | AO2: 82 | AP2: 82 | AQ2: 82 | AR2: 80 | AS2: 75 | AT2: 70 | AU2: 65 | AV2: 63.5 | AW2: 63 | AX2: 63 | AY2: 62.5 | AZ2: 62.5 | BA2: 61 | BB2: 61 | BC2: 61 | BD2: 61 | BE2: 61.5 | BF2: 61.5 | BG2: 61.5 | BH2: 61.5 | BI2: 61.5 | BJ2: 61.5 | BK2: 61.5 | BL2: 61.5 | BM2: 61.5 | BN2: 60 | BO2: 60 | BP2: 58 | BQ2: 55 | BR2: 48 | BS2: 39 | BT2: 38 | BU2: 38 | BV2: 37 | BW2: 37 | BX2: 37 | BY2: 35 | BZ2: 35 | CA2: 35 | CB2: 35 | CC2: 35 | CD2: 35 | CE2: 35 | CF2: 35 | CG2: 35 | CH2: 35 | CI2: 35 | CJ2: 35 | CK2: 35 | CL2: 35 | CM2: 35 | CN2: 35 | CO2: 35 | CP2: 35 | CQ2: 35 | CR2: 35 | CS2: 35 | CT2: 35 | CU2: 35 | CV2: 35 | CW2: 35 | CX2: 35 | CY2: 35 | CZ2: 35 | DA2: 35 | DB2: 35 | DC2: 35 | DD2: 35 | DE2: 35 | DF2: 35 | DG2: 35 | DH2: 35 | DI2: 35 | DJ2: 35 | DK2: 35 | DL2: 35 | DM2: 35 | DN2: 35 | DO2: 35 | DP2: 35 | DQ2: 35 | DR2: 35 | DS2: 35 | DT2: 35 | DU2: 35 | DV2: 35 | DW2: 35 | DX2: 35 | DY2: 35 | DZ2: 35 | EA2: 33.5 | EB2: 33.5 | EC2: 33.5 | ED2: 33.5 | EE2: 43 | EF2: 43 | EG2: 43 | EH2: 43 | EI2: 43 | EJ2: 43 | EK2: 43.5 | EL2: 43.5 | EM2: 43.5 | EN2: 43.5 | EO2: 43.5 | EP2: 43.5 | EQ2: 43.5 | ER2: 43.5 | ES2: 43.5 | ET2: 43.5 | EU2: 43.5 | EV2: 43.5 | EW2: 43.5 | EX2: 43.5 | EY2: 43.5 | EZ2: 43.5 | FA2: 43.5 | FB2: 43.5 | FC2: 43.5 | FD2: 43.5 | FE2: 43.5 | FF2: 43.5 | FG2: 43.5 | FH2: 43.5 | FI2: 43.5 | FJ2: 43 | FK2: 43 | FL2: 42.5 | FM2: 42.5 | FN2: 36 | FO2: 34 | FP2: 34 | FQ2: 34 | FR2: 34 | FS2: 34 | FT2: 34 | FU2: 33.5 | FV2: 33.5 | FW2: 33.5 | FX2: 32 | FY2: 32 | FZ2: 31 | GA2: 31 | GB2: 31 | GC2: 31 | GD2: 31 | GE2: 30 | GF2: 30 | GG2: 30 | GH2: 30 | GI2: 30 | GJ2: 30 | GK2: 38 | GL2: 38
A3: A4 | B3: 中国产致密多晶硅料9N | C3: 单晶用料-致密 | D3: 元/公斤 | E3: 200 | F3: 162 | G3: 162 | H3: 200 | I3: 237 | J3: 237 | K3: 237 | L3: 234 | M3: 223 | N3: 218 | O3: 212 | P3: 206 | Q3: 199 | R3: 194 | S3: 192 | T3: 180 | U3: 178 | V3: 155 | W3: 138 | X3: 132 | Y3: 115 | Z3: 110 | AA3: 63 | AB3: 62.5 | AC3: 62 | AD3: 62 | AE3: 62 | AF3: 64 | AG3: 65 | AH3: 68 | AI3: 69 | AJ3: 71.5 | AK3: 73 | AL3: 77 | AM3: 77 | AN3: 77 | AO3: 77 | AP3: 77 | AQ3: 77 | AR3: 77 | AS3: 72 | AT3: 65 | AU3: 65 | AV3: 65 | AW3: 65 | AX3: 64 | AY3: 60 | AZ3: 60 | BA3: 59.5 | BB3: 59.5 | BC3: 59.5 | BD3: 59.5 | BE3: 59.5 | BF3: 59.5 | BG3: 59.5 | BH3: 59.5 | BI3: 59.5 | BJ3: 59.5 | BK3: 59.5 | BL3: 59.5 | BM3: 59.5 | BN3: 58 | BO3: 58 | BP3: 55 | BQ3: 52 | BR3: 46 | BS3: 38 | BT3: 37 | BU3: 37 | BV3: 36 | BW3: 36 | BX3: 36 | BY3: 34 | BZ3: 34 | CA3: 34 | CB3: 34 | CC3: 34 | CD3: 34 | CE3: 34 | CF3: 34 | CG3: 34 | CH3: 34 | CI3: 34 | CJ3: 34 | CK3: 34 | CL3: 34 | CM3: 34 | CN3: 34 | CO3: 34 | CP3: 34 | CQ3: 34 | CR3: 34 | CS3: 34 | CT3: 34 | CU3: 34 | CV3: 34 | CW3: 34 | CX3: 34 | CY3: 34 | CZ3: 34 | DA3: 34 | DB3: 34 | DC3: 34 | DD3: 34 | DE3: 34 | DF3: 34 | DG3: 34 | DH3: 34 | DI3: 34 | DJ3: 34 | DK3: 34 | DL3: 34 | DM3: 34 | DN3: 34 | DO3: 34 | DP3: 34 | DQ3: 34 | DR3: 34 | DS3: 34 | DT3: 34 | DU3: 34 | DV3: 34 | DW3: 34 | DX3: 34 | DY3: 34 | DZ3: 34 | EA3: 32.5 | EB3: 32.5 | EC3: 32.5 | ED3: 32.5 | EE3: 42 | EF3: 42 | EG3: 42 | EH3: 42 | EI3: 42 | EJ3: 42 | EK3: 42.5 | EL3: 42.5 | EM3: 42.5 | EN3: 42.5 | EO3: 42.5 | EP3: 42.5 | EQ3: 42.5 | ER3: 42.5 | ES3: 42.5 | ET3: 42.5 | EU3: 42.5 | EV3: 42.5 | EW3: 42.5 | EX3: 42.5 | EY3: 42.5 | EZ3: 42.5 | FA3: 42.5 | FB3: 42.5 | FC3: 42.5 | FD3: 42.5 | FE3: 42.5 | FF3: 42.5 | FG3: 42.5 | FH3: 42.5 | FI3: 42.5 | FJ3: 42 | FK3: 42 | FL3: 39.9 | FM3: 39.9 | FN3: 35.5 | FO3: 33 | FP3: 33 | FQ3: 33 | FR3: 33 | FS3: 33 | FT3: 33 | FU3: 33 | FV3: 32 | FW3: 32 | FX3: 31 | FY3: 31 | FZ3: 30 | GA3: 30 | GB3: 30 | GC3: 30 | GD3: 30 | GE3: 28 | GF3: 28 | GG3: 28 | GH3: 28 | GI3: 28 | GJ3: 28 | GK3: 36 | GL3: 36
A4: A1 | B4: 中国产多晶硅料8N | C4: 多晶用料 | D4: 元/公斤
A5: A3 | B5: 全球多晶硅料 | C5: — | D5: 美元/公斤 | E5: 30 | F5: 28 | G5: 28 | H5: 28 | I5: 35 | J5: 35 | K5: 35 | L5: 35 | M5: 33 | N5: 33 | O5: 33 | P5: 33 | Q5: 31 | R5: 30 | S5: 29 | T5: 27 | U5: 26 | V5: 23.5 | W5: 23 | X5: 22.8 | Y5: 21.5 | Z5: 21 | AA5: 20 | AB5: 20 | AC5: 20 | AD5: 20 | AE5: 20 | AF5: 20 | AG5: 20 | AH5: 20 | AI5: 20 | AJ5: 20 | AK5: 20 | AL5: 20 | AM5: 20 | AN5: 20 | AO5: 20 | AP5: 20 | AQ5: 20 | AR5: 20 | AS5: 20 | AT5: 20 | AU5: 20 | AV5: 20 | AW5: 20 | AX5: 20 | AY5: 20 | AZ5: 20 | BA5: 20 | BB5: 20 | BC5: 20 | BD5: 20 | BE5: 20 | BF5: 20 | BG5: 20 | BH5: 20 | BI5: 20 | BJ5: 20 | BK5: 20 | BL5: 20 | BM5: 20 | BN5: 20 | BO5: 20 | BP5: 20 | BQ5: 20 | BR5: 20 | BS5: 20 | BT5: 20 | BU5: 20 | BV5: 20 | BW5: 20 | BX5: 20 | BY5: 20 | BZ5: 20 | CA5: 20 | CB5: 20 | CC5: 20 | CD5: 20 | CE5: 20 | CF5: 20 | CG5: 20 | CH5: 20 | CI5: 20 | CJ5: 20 | CK5: 20 | CL5: 20 | CM5: 20 | CN5: 20 | CO5: 20 | CP5: 20 | CQ5: 20 | CR5: 20 | CS5: 20 | CT5: 20 | CU5: 20 | CV5: 20 | CW5: 20 | CX5: 20 | CY5: 20 | CZ5: 20 | DA5: 20 | DB5: 20 | DC5: 20 | DD5: 20 | DE5: 20 | DF5: 20 | DG5: 20 | DH5: 20 | DI5: 20 | DJ5: 20 | DK5: 20 | DL5: 20 | DM5: 20 | DN5: 20 | DO5: 20 | DP5: 20 | DQ5: 20 | DR5: 20 | DS5: 20 | DT5: 20 | DU5: 20 | DV5: 20 | DW5: 20 | DX5: 20 | DY5: 20 | DZ5: 20 | EA5: 20 | EB5: 20 | EC5: 20 | ED5: 20 | EE5: 20 | EF5: 20 | EG5: 20 | EH5: 20 | EI5: 20 | EJ5: 20 | EK5: 20 | EL5: 20 | EM5: 20 | EN5: 20 | EO5: 20 | EP5: 20 | EQ5: 20 | ER5: 20 | ES5: 20 | ET5: 20 | EU5: 20 | EV5: 20 | EW5: 20 | EX5: 20 | EY5: 20 | EZ5: 20 | FA5: 20 | FB5: 20 | FC5: 20 | FD5: 20 | FE5: 20 | FF5: 20 | FG5: 20 | FH5: 20 | FI5: 20 | FJ5: 20 | FK5: 20 | FL5: 20 | FM5: 20 | FN5: 20
A6: B7 | B6: 多晶硅片高效 | C6: 157mm x 157mm | D6: 元/片
A7: B6 | B7: 多晶硅片中效 | C7: 157mm x 157mm | D7: 元/片
A8: B2 | B8: 单晶硅片（170um） | C8: 158.75mm x 158.75mm | D8: 元/片
A9: B3 | B9: 166mm单晶硅片（170um） | C9: 166mm x 166mm（170um） | D9: 元/片
A10: B3 | B10: 166mm单晶硅片（165um）（New！） | C10: 166mm x 166mm（165um） | D10: 元/片
A11: B3 | B11: 166mm单晶硅片（155um）（New！） | C11: 166mm x 166mm（155um）
A12: B11 | B12: 166mm单晶硅片（160um） | C12: 166mm x 166mm（160um） | D12: 元/片
A13: B14 | B13: 166mm单晶硅片（150um） | C13: 166mm x 166mm（150um） | D13: 元/片 | E13: 3.8 | F13: 3.8 | G13: 4.4 | H13: 4.6
A14: B4 | B14: 单晶硅片(170um) | C14: 182mm*182mm（170 um） | D14: 元/片
A15: B9 | B15: 182mm单晶硅片（New！） | C15: 182mm*182mm 单晶硅片（165 um） | D15: 元/片
A16: B9 | B16: 182mm单晶硅片(160um） | C16: 182mm*182mm 单晶硅片（160 um） | D16: 元/片
A17: B9 | B17: 182mm单晶硅片(155um） | C17: 182mm*182mm 单晶硅片（155 um）
A18: B15 | B18: 182mm单晶硅片(150um) | C18: 182mm*182mm（150 um） | D18: 元/片 | E18: 3.5 | F18: 3.6 | G18: 4.5 | H18: 4.8 | I18: 6.22 | J18: 6.22 | K18: 6.22 | L18: 6.22 | M18: 6.4 | N18: 6.5 | O18: 6.4 | P18: 6.4 | Q18: 6.4 | R18: 6.4 | S18: 6.38 | T18: 6.3 | U18: 5.84 | V18: 5.4 | W18: 4.6 | X18: 4.4 | Y18: 4 | Z18: 3.6 | AA18: 2.8 | AB18: 2.8 | AC18: 2.8 | AD18: 2.75 | AE18: 2.78 | AF18: 2.78 | AG18: 2.9 | AH18: 2.95 | AI18: 2.95 | AJ18: 3.15 | AK18: 3.35 | AL18: 3.35 | AM18: 3.35 | AN18: 3.35 | AO18: 3.35 | AP18: 3.08 | AQ18: 2.8 | AR18: 2.75 | AS18: 2.55 | AT18: 2.4 | AU18: 2.4 | AV18: 2.4 | AW18: 2.35 | AX18: 2.3 | AY18: 2.12 | AZ18: 2.12 | BA18: 2.05 | BB18: 2 | BC18: 2 | BD18: 2 | BE18: 2 | BF18: 2.02 | BG18: 2.02 | BH18: 2.02 | BI18: 2.02 | BJ18: 2.02 | BK18: 2.02 | BL18: 2 | BM18: 1.95 | BN18: 1.8 | BO18: 1.8 | BP18: 1.7 | BQ18: 1.7 | BR18: 1.67 | BS18: 1.55 | BT18: 1.45 | BU18: 1.25 | BV18: 1.25 | BW18: 1.25 | BX18: 1.25 | BY18: 1.25 | BZ18: 1.25 | CA18: 1.25 | CB18: 1.25 | CC18: 1.25 | CD18: 1.25 | CE18: 1.25 | CF18: 1.25 | CG18: 1.25 | CH18: 1.25 | CI18: 1.25 | CJ18: 1.25 | CK18: 1.25 | CL18: 1.15 | CM18: 1.15 | CN18: 1.15 | CO18: 1.15 | CP18: 1.15 | CQ18: 1.15 | CR18: 1.15 | CS18: 1.1 | CT18: 1.08 | CU18: 1.08 | CV18: 1.08 | CW18: 1.08 | CX18: 1.08 | CY18: 1.08 | CZ18: 1.08 | DA18: 1.08 | DB18: 1.08 | DC18: 1.08 | DD18: 1.08 | DE18: 1.08 | DF18: 1.08 | DG18: 1.08 | DH18: 1.08 | DI18: 1.08 | DJ18: 1.08 | DK18: 1.08 | DL18: 1.08 | DM18: 1.08
A19: B5 | B19: 单晶硅片 | C19: 210mm*210mm | D19: 元/片
A20: B10 | B20: 210mm单晶硅片（New！） | C20: 210mm*210mm 单晶硅片（165 um） | D20: 元/片
A21: B10 | B21: 210mm单晶硅片(160um) | C21: 210mm*210mm 单晶硅片（160 um） | D21: 元/片
A22: B10 | B22: 210mm单晶硅片(155um) | C22: 210mm*210mm 单晶硅片（155 um）
A23: B12 | B23: 210mm单晶硅片(150um) | C23: 210mm*210mm 单晶硅片（150 um） | D23: 元/片 | E23: 4.8 | F23: 4.8 | G23: 6.2 | H23: 6.2 | I23: 8.2 | J23: 8.2 | K23: 8.2 | L23: 8.2 | M23: 8.2 | N23: 8.2 | O23: 8.2 | P23: 8.2 | Q23: 8.05 | R23: 8.05 | S23: 8.05 | T23: 8.05 | U23: 7.6 | V23: 7.4 | W23: 6 | X23: 5.8 | Y23: 5.1 | Z23: 5 | AA23: 4 | AB23: 4 | AC23: 4 | AD23: 4 | AE23: 3.77 | AF23: 3.77 | AG23: 3.77 | AH23: 3.92 | AI23: 3.92 | AJ23: 4.1 | AK23: 4.35 | AL23: 4.35 | AM23: 4.35 | AN23: 4.25 | AO23: 4.2 | AP23: 4.02 | AQ23: 3.9 | AR23: 3.66 | AS23: 3.45 | AT23: 3.3 | AU23: 3.3 | AV23: 3.3 | AW23: 3.3 | AX23: 3.3 | AY23: 3.3 | AZ23: 3.05 | BA23: 3 | BB23: 3 | BC23: 3 | BD23: 3 | BE23: 2.95 | BF23: 2.95 | BG23: 2.85 | BH23: 2.8 | BI23: 2.8 | BJ23: 2.8 | BK23: 2.8 | BL23: 2.75 | BM23: 2.75 | BN23: 2.4 | BO23: 2.4 | BP23: 2.35 | BQ23: 2.35 | BR23: 2.15 | BS23: 2.13 | BT23: 1.95 | BU23: 1.85 | BV23: 1.85 | BW23: 1.85 | BX23: 1.85 | BY23: 1.85 | BZ23: 1.85 | CA23: 1.85 | CB23: 1.85 | CC23: 1.85 | CD23: 1.85 | CE23: 1.85 | CF23: 1.85 | CG23: 1.85 | CH23: 1.85 | CI23: 1.85 | CJ23: 1.85 | CK23: 1.85 | CL23: 1.75 | CM23: 1.7 | CN23: 1.72 | CO23: 1.72 | CP23: 1.72 | CQ23: 1.72 | CR23: 1.72 | CS23: 1.65 | CT23: 1.65 | CU23: 1.65 | CV23: 1.65 | CW23: 1.65 | CX23: 1.65 | CY23: 1.65 | CZ23: 1.65 | DA23: 1.65 | DB23: 1.65 | DC23: 1.65 | DD23: 1.65 | DE23: 1.65 | DF23: 1.65 | DG23: 1.65 | DH23: 1.65 | DI23: 1.65 | DJ23: 1.65 | DK23: 1.65 | DL23: 1.65 | DM23: 1.58
A24: B8 | B24: N型-166mm单晶硅片(150um） | C24: 166mm x 166mm | D24: 元/片
A25: B13 | B25: N型-210mm单晶硅片(150um)（New！） | C25: 210mm*210mm 单晶硅片（150 um） | D25: 元/片 | E25: 6.3 | F25: 5.1 | G25: 5.3 | H25: 5.3
A26: C12 | B26: 多晶电池片(＞18.8%) | C26: 156.75mm x 156.75mm | D26: 元/瓦
A27: C3 | B27: 单晶PERC电池片（21.7-22.1%) | C27: 158.75mm x 158.75mm | D27: 元/瓦
A28: C7 | B28: 双面单晶PERC电池片（＞21.9%) | C28: 166mm x 166mm | D28: 元/瓦 | E28: 0.8 | F28: 0.83 | G28: 0.91 | H28: 0.96
A29: C8 | B29: 双面单晶PERC电池片(＞22.3%) | C29: 182mm*182mm | D29: 元/瓦 | E29: 0.8 | F29: 0.83 | G29: 0.92 | H29: 0.97 | I29: 1.14 | J29: 1.14 | K29: 1.13 | L29: 1.09 | M29: 1.09 | N29: 1.1 | O29: 1.09 | P29: 1.1 | Q29: 1.1 | R29: 1.1 | S29: 1.1 | T29: 1.1 | U29: 1.09 | V29: 1.04 | W29: 1 | X29: 0.96 | Y29: 0.88 | Z29: 0.86 | AA29: 0.79 | AB29: 0.72 | AC29: 0.71 | AD29: 0.715 | AE29: 0.73 | AF29: 0.735 | AG29: 0.745 | AH29: 0.75 | AI29: 0.755 | AJ29: 0.76 | AK29: 0.76 | AL29: 0.76 | AM29: 0.76 | AN29: 0.75 | AO29: 0.71 | AP29: 0.65 | AQ29: 0.61 | AR29: 0.55 | AS29: 0.51 | AT29: 0.48 | AU29: 0.46 | AV29: 0.46 | AW29: 0.46 | AX29: 0.45 | AY29: 0.43 | AZ29: 0.425 | BA29: 0.39 | BB29: 0.36 | BC29: 0.36 | BD29: 0.39 | BE29: 0.39 | BF29: 0.39 | BG29: 0.39 | BH29: 0.39 | BI29: 0.39 | BJ29: 0.39 | BK29: 0.38 | BL29: 0.38 | BM29: 0.38 | BN29: 0.375 | BO29: 0.375 | BP29: 0.35 | BQ29: 0.35 | BR29: 0.34 | BS29: 0.34 | BT29: 0.34 | BU29: 0.31 | BV29: 0.31 | BW29: 0.31 | BX29: 0.31 | BY29: 0.31 | BZ29: 0.31 | CA29: 0.31 | CB29: 0.31 | CC29: 0.31 | CD29: 0.31 | CE29: 0.31 | CF29: 0.31 | CG29: 0.31 | CH29: 0.31 | CI29: 0.31 | CJ29: 0.31 | CK29: 0.31 | CL29: 0.31 | CM29: 0.3 | CN29: 0.28 | CO29: 0.28 | CP29: 0.28 | CQ29: 0.28 | CR29: 0.28 | CS29: 0.28 | CT29: 0.275 | CU29: 0.275 | CV29: 0.275 | CW29: 0.275 | CX29: 0.275 | CY29: 0.275 | CZ29: 0.275 | DA29: 0.275 | DB29: 0.275 | DC29: 0.275 | DD29: 0.275 | DE29: 0.275 | DF29: 0.275 | DG29: 0.275 | DH29: 0.275 | DI29: 0.275 | DJ29: 0.275 | DK29: 0.275 | DL29: 0.275 | DM29: 0.275 | DN29: 0.275 | DO29: 0.275 | DP29: 0.275 | DQ29: 0.275 | DR29: 0.275 | DS29: 0.275 | DT29: 0.27 | DU29: 0.27 | DV29: 0.27 | DW29: 0.27 | DX29: 0.27 | DY29: 0.27 | DZ29: 0.27 | EA29: 0.27 | EB29: 0.27
A30: C9 | B30: 双面单晶PERC电池片(＞22.4%) | C30: 210mm*210mm | D30: 元/瓦 | E30: 0.8 | F30: 0.83 | G30: 0.92 | H30: 0.97 | I30: 1.14 | J30: 1.14 | K30: 1.13 | L30: 1.1 | M30: 1.1 | N30: 1.1 | O30: 1.1 | P30: 1.13 | Q30: 1.13 | R30: 1.13 | S30: 1.13 | T30: 1.13 | U30: 1.13 | V30: 1.1 | W30: 1.06 | X30: 1.02 | Y30: 0.9 | Z30: 0.9 | AA30: 0.83 | AB30: 0.75 | AC30: 0.74 | AD30: 0.74 | AE30: 0.73 | AF30: 0.73 | AG30: 0.73 | AH30: 0.74 | AI30: 0.74 | AJ30: 0.74 | AK30: 0.74 | AL30: 0.74 | AM30: 0.74 | AN30: 0.74 | AO30: 0.72 | AP30: 0.68 | AQ30: 0.62 | AR30: 0.6 | AS30: 0.53 | AT30: 0.53 | AU30: 0.54 | AV30: 0.6 | AW30: 0.6 | AX30: 0.49 | AY30: 0.48 | AZ30: 0.44 | BA30: 0.43 | BB30: 0.42 | BC30: 0.42 | BD30: 0.42 | BE30: 0.4 | BF30: 0.39 | BG30: 0.39 | BH30: 0.39 | BI30: 0.39 | BJ30: 0.39 | BK30: 0.39 | BL30: 0.39 | BM30: 0.39 | BN30: 0.37 | BO30: 0.37 | BP30: 0.36 | BQ30: 0.36 | BR30: 0.35 | BS30: 0.35 | BT30: 0.35 | BU30: 0.32 | BV30: 0.32 | BW30: 0.32 | BX30: 0.32 | BY30: 0.32 | BZ30: 0.32 | CA30: 0.32 | CB30: 0.32 | CC30: 0.32 | CD30: 0.32 | CE30: 0.32 | CF30: 0.32 | CG30: 0.32 | CH30: 0.32 | CI30: 0.32 | CJ30: 0.32 | CK30: 0.32 | CL30: 0.32 | CM30: 0.31 | CN30: 0.29 | CO30: 0.29 | CP30: 0.29 | CQ30: 0.29 | CR30: 0.29 | CS30: 0.29 | CT30: 0.28 | CU30: 0.28 | CV30: 0.28 | CW30: 0.28 | CX30: 0.28 | CY30: 0.28 | CZ30: 0.28 | DA30: 0.28 | DB30: 0.28 | DC30: 0.28 | DD30: 0.28 | DE30: 0.28 | DF30: 0.28 | DG30: 0.28 | DH30: 0.28 | DI30: 0.28 | DJ30: 0.28 | DK30: 0.28 | DL30: 0.28 | DM30: 0.28 | DN30: 0.28 | DO30: 0.28 | DP30: 0.28 | DQ30: 0.28 | DR30: 0.28 | DS30: 0.28 | DT30: 0.28 | DU30: 0.28 | DV30: 0.28 | DW30: 0.28 | DX30: 0.28 | DY30: 0.28 | DZ30: 0.28 | EA30: 0.28 | EB30: 0.28
A31: C10 | B31: 双面Topcon电池片（＞24.3%） | C31: 182mm x 183.75mm | D31: 元/瓦 | E31: 0.89 | F31: 0.92 | G31: 0.98 | H31: 1.03 | I31: 1.2 | J31: 1.2 | K31: 1.18 | L31: 1.15 | M31: 1.15 | N31: 1.21 | O31: 1.22 | P31: 1.22 | Q31: 1.22 | R31: 1.22 | S31: 1.22 | T31: 1.22 | U31: 1.22 | V31: 1.18 | W31: 1.12 | X31: 1.1 | Y31: 0.99 | Z31: 0.96 | AA31: 0.88 | AB31: 0.83 | AC31: 0.8 | AD31: 0.81 | AE31: 0.79 | AF31: 0.79 | AG31: 0.79 | AH31: 0.8 | AI31: 0.8 | AJ31: 0.81 | AK31: 0.81 | AL31: 0.81 | AM31: 0.81 | AN31: 0.81 | AO31: 0.74 | AP31: 0.68 | AQ31: 0.68 | AR31: 0.6 | AS31: 0.58 | AT31: 0.53 | AU31: 0.5 | AV31: 0.5 | AW31: 0.5 | AX31: 0.49 | AY31: 0.49 | AZ31: 0.49 | BA31: 0.48 | BB31: 0.48 | BC31: 0.48 | BD31: 0.48 | BE31: 0.48 | BF31: 0.48 | BG31: 0.48 | BH31: 0.48 | BI31: 0.48 | BJ31: 0.485 | BK31: 0.48 | BL31: 0.48 | BM31: 0.48 | BN31: 0.47 | BO31: 0.46 | BP31: 0.42 | BQ31: 0.42 | BR31: 0.395 | BS31: 0.375 | BT31: 0.34 | BU31: 0.31 | BV31: 0.3 | BW31: 0.3 | BX31: 0.3 | BY31: 0.3 | BZ31: 0.3 | CA31: 0.3 | CB31: 0.3 | CC31: 0.29 | CD31: 0.29 | CE31: 0.29 | CF31: 0.29 | CG31: 0.29 | CH31: 0.29 | CI31: 0.29 | CJ31: 0.285 | CK31: 0.28 | CL31: 0.28 | CM31: 0.27 | CN31: 0.27 | CO31: 0.27 | CP31: 0.27 | CQ31: 0.27 | CR31: 0.27 | CS31: 0.27 | CT31: 0.27 | CU31: 0.275 | CV31: 0.28 | CW31: 0.28 | CX31: 0.28 | CY31: 0.28 | CZ31: 0.285 | DA31: 0.285 | DB31: 0.29 | DC31: 0.29 | DD31: 0.29 | DE31: 0.29 | DF31: 0.295 | DG31: 0.295 | DH31: 0.295 | DI31: 0.298 | DJ31: 0.298 | DK31: 0.3 | DL31: 0.3 | DM31: 0.3 | DN31: 0.3 | DO31: 0.3 | DP31: 0.295 | DQ31: 0.28 | DR31: 0.28 | DS31: 0.268 | DT31: 0.265 | DU31: 0.265 | DV31: 0.26 | DW31: 0.255 | DX31: 0.255 | DY31: 0.255 | DZ31: 0.255 | EA31: 0.24 | EB31: 0.235 | EC31: 0.225 | ED31: 0.23 | EE31: 0.25 | EF31: 0.28 | EG31: 0.305 | EH31: 0.315 | EI31: 0.295 | EJ31: 0.295 | EK31: 0.298 | EL31: 0.298 | EM31: 0.305 | EN31: 0.315 | EO31: 0.325 | EP31: 0.325 | EQ31: 0.325 | ER31: 0.325 | ES31: 0.325 | ET31: 0.31 | EU31: 0.31 | EV31: 0.308 | EW31: 0.295 | EX31: 0.292 | EY31: 0.285 | EZ31: 0.295 | FA31: 0.32 | FB31: 0.32 | FC31: 0.37 | FD31: 0.38 | FE31: 0.41 | FF31: 0.435 | FG31: 0.435 | FH31: 0.435 | FI31: 0.435 | FJ31: 0.42 | FK31: 0.42 | FL31: 0.4 | FM31: 0.38 | FN31: 0.37 | FO31: 0.35 | FP31: 0.345 | FQ31: 0.325 | FR31: 0.325 | FS31: 0.325 | FT31: 0.325 | FU31: 0.325 | FV31: 0.325 | FW31: 0.325 | FX31: 0.31 | FY31: 0.31 | FZ31: 0.285 | GA31: 0.27 | GB31: 0.268 | GC31: 0.265 | GD31: 0.265 | GE31: 0.265 | GF31: 0.275 | GG31: 0.3 | GH31: 0.38 | GI31: 0.335 | GJ31: 0.31 | GK31: 0.31 | GL31: 0.3
A32: C11 | B32: 双面Topcon电池片（＞24.3%）（New！） | C32: 210mm x 210mm | D32: 元/瓦 | BX32: 0.36 | BY32: 0.35 | BZ32: 0.35 | CA32: 0.35 | CB32: 0.35 | CC32: 0.33 | CD32: 0.33 | CE32: 0.32 | CF32: 0.32 | CG32: 0.32 | CH32: 0.32 | CI32: 0.32 | CJ32: 0.3 | CK32: 0.29 | CL32: 0.29 | CM32: 0.285 | CN32: 0.29 | CO32: 0.29 | CP32: 0.29 | CQ32: 0.29 | CR32: 0.29 | CS32: 0.29 | CT32: 0.285 | CU32: 0.285 | CV32: 0.285 | CW32: 0.285 | CX32: 0.285 | CY32: 0.285 | CZ32: 0.285 | DA32: 0.29 | DB32: 0.29 | DC32: 0.29 | DD32: 0.29 | DE32: 0.29 | DF32: 0.295 | DG32: 0.295 | DH32: 0.295 | DI32: 0.295 | DJ32: 0.295 | DK32: 0.305 | DL32: 0.305 | DM32: 0.305 | DN32: 0.305 | DO32: 0.305 | DP32: 0.3 | DQ32: 0.29 | DR32: 0.29 | DS32: 0.28 | DT32: 0.28 | DU32: 0.28 | DV32: 0.28 | DW32: 0.27 | DX32: 0.27 | DY32: 0.27 | DZ32: 0.27 | EA32: 0.26 | EB32: 0.255 | EC32: 0.245 | ED32: 0.245 | EE32: 0.255 | EF32: 0.275 | EG32: 0.29 | EH32: 0.29 | EI32: 0.285 | EJ32: 0.285 | EK32: 0.288 | EL32: 0.288 | EM32: 0.29 | EN32: 0.3 | EO32: 0.3 | EP32: 0.3 | EQ32: 0.3 | ER32: 0.31 | ES32: 0.31 | ET32: 0.3 | EU32: 0.3 | EV32: 0.298 | EW32: 0.288 | EX32: 0.285 | EY32: 0.283 | EZ32: 0.295 | FA32: 0.32 | FB32: 0.32 | FC32: 0.38 | FD32: 0.38 | FE32: 0.41 | FF32: 0.435 | FG32: 0.435 | FH32: 0.435 | FI32: 0.435 | FJ32: 0.422 | FK32: 0.422 | FL32: 0.4 | FM32: 0.39 | FN32: 0.37 | FO32: 0.36 | FP32: 0.354 | FQ32: 0.34 | FR32: 0.34 | FS32: 0.34 | FT32: 0.34 | FU32: 0.34 | FV32: 0.33 | FW32: 0.33 | FX32: 0.315 | FY32: 0.315 | FZ32: 0.295 | GA32: 0.275 | GB32: 0.272 | GC32: 0.27 | GD32: 0.27 | GE32: 0.27 | GF32: 0.27 | GG32: 0.295 | GH32: 0.36 | GI32: 0.31 | GJ32: 0.31 | GK32: 0.31 | GL32: 0.295
A33: D10 | B33: 多晶组件 | C33: 270-275W | D33: 元/瓦
A34: D9 | B34: 多晶双玻组件 | C34: 270-275W | D34: 元/瓦
A35: D4 | B35: 单晶PERC组件 | C35: 320-330W / 390-410W | D35: 元/瓦 | E35: 1.75 | F35: 1.72 | G35: 1.72 | H35: 1.72 | I35: 1.72 | J35: 1.72 | K35: 1.72 | L35: 1.72 | M35: 1.72
A36: D5 | B36: 单晶PERC组件 | C36: 355-365W / 430-440W | D36: 元/瓦 | E36: 1.82 | F36: 1.75 | G36: 1.75 | H36: 1.75 | I36: 1.75 | J36: 1.75 | K36: 1.75 | L36: 1.75 | M36: 1.75
A37: D14 | B37: 单面单晶perc组件（182系列） | C37: 530-540W（72片） | D37: 元/瓦 | E37: 1.83 | F37: 1.79 | G37: 1.79 | H37: 1.79 | I37: 1.79 | J37: 1.78 | K37: 1.78 | L37: 1.76 | M37: 1.76 | N37: 1.76 | O37: 1.74 | P37: 1.73 | Q37: 1.73 | R37: 1.73 | S37: 1.73 | T37: 1.71 | U37: 1.71 | V37: 1.68 | W37: 1.62 | X37: 1.62 | Y37: 1.6 | Z37: 1.57 | AA37: 1.4 | AB37: 1.38 | AC37: 1.375 | AD37: 1.36 | AE37: 1.33 | AF37: 1.31 | AG37: 1.31 | AH37: 1.27 | AI37: 1.27 | AJ37: 1.27 | AK37: 1.27 | AL37: 1.27 | AM37: 1.27 | AN37: 1.255 | AO37: 1.22 | AP37: 1.16 | AQ37: 1.13 | AR37: 1.1 | AS37: 1.08 | AT37: 1.02 | AU37: 1 | AV37: 1 | AW37: 0.98 | AX37: 0.98 | AY37: 0.93 | AZ37: 0.92 | BA37: 0.88 | BB37: 0.87 | BC37: 0.87 | BD37: 0.87 | BE37: 0.86 | BF37: 0.86 | BG37: 0.86 | BH37: 0.86 | BI37: 0.86 | BJ37: 0.86 | BK37: 0.86 | BL37: 0.86 | BM37: 0.86 | BN37: 0.85 | BO37: 0.85 | BP37: 0.85 | BQ37: 0.85 | BR37: 0.84 | BS37: 0.83 | BT37: 0.82 | BU37: 0.8 | BV37: 0.8 | BW37: 0.8 | BX37: 0.8 | BY37: 0.78 | BZ37: 0.78 | CA37: 0.75 | CB37: 0.74 | CC37: 0.74 | CD37: 0.74 | CE37: 0.74 | CF37: 0.74 | CG37: 0.74 | CH37: 0.74 | CI37: 0.74 | CJ37: 0.74 | CK37: 0.74 | CL37: 0.74 | CM37: 0.72 | CN37: 0.68 | CO37: 0.68 | CP37: 0.68 | CQ37: 0.68 | CR37: 0.68 | CS37: 0.68 | CT37: 0.68 | CU37: 0.67 | CV37: 0.67 | CW37: 0.67 | CX37: 0.67 | CY37: 0.67 | CZ37: 0.67 | DA37: 0.65 | DB37: 0.65 | DC37: 0.65 | DD37: 0.65 | DE37: 0.65 | DF37: 0.65 | DG37: 0.65 | DH37: 0.65 | DI37: 0.65 | DJ37: 0.65 | DK37: 0.65 | DL37: 0.65 | DM37: 0.65 | DN37: 0.65 | DO37: 0.65 | DP37: 0.65 | DQ37: 0.65 | DR37: 0.65 | DS37: 0.65 | DT37: 0.65 | DU37: 0.65 | DV37: 0.65 | DW37: 0.65 | DX37: 0.65 | DY37: 0.65 | DZ37: 0.65 | EA37: 0.65 | EB37: 0.65 | EC37: 0.65 | ED37: 0.65 | EE37: 0.65 | EF37: 0.65 | EG37: 0.65 | EH37: 0.65 | EI37: 0.65 | EJ37: 0.65 | EK37: 0.65 | EL37: 0.65 | EM37: 0.65 | EN37: 0.65
A38: D7 | B38: 双面单晶perc组件（182系列） | C38: 530-540W（72片） | D38: 元/瓦 | E38: 1.85 | F38: 1.81 | G38: 1.81 | H38: 1.81 | I38: 1.81 | J38: 1.8 | K38: 1.8 | L38: 1.78 | M38: 1.78 | N38: 1.78 | O38: 1.76 | P38: 1.75 | Q38: 1.75 | R38: 1.75 | S38: 1.75 | T38: 1.73 | U38: 1.73 | V38: 1.7 | W38: 1.65 | X38: 1.65 | Y38: 1.62 | Z38: 1.59 | AA38: 1.42 | AB38: 1.4 | AC38: 1.395 | AD38: 1.39 | AE38: 1.355 | AF38: 1.33 | AG38: 1.33 | AH38: 1.28 | AI38: 1.28 | AJ38: 1.28 | AK38: 1.28 | AL38: 1.28 | AM38: 1.28 | AN38: 1.265 | AO38: 1.24 | AP38: 1.18 | AQ38: 1.15 | AR38: 1.12 | AS38: 1.1 | AT38: 1.05 | AU38: 1.04 | AV38: 1.04 | AW38: 1.03 | AX38: 1.03 | AY38: 0.95 | AZ38: 0.94 | BA38: 0.92 | BB38: 0.91 | BC38: 0.91 | BD38: 0.91 | BE38: 0.89 | BF38: 0.89 | BG38: 0.89 | BH38: 0.89 | BI38: 0.89 | BJ38: 0.89 | BK38: 0.89 | BL38: 0.89 | BM38: 0.89 | BN38: 0.88 | BO38: 0.88 | BP38: 0.88 | BQ38: 0.88 | BR38: 0.87 | BS38: 0.86 | BT38: 0.85 | BU38: 0.82 | BV38: 0.82 | BW38: 0.82 | BX38: 0.82 | BY38: 0.8 | BZ38: 0.8 | CA38: 0.8 | CB38: 0.78 | CC38: 0.78 | CD38: 0.78 | CE38: 0.78 | CF38: 0.78 | CG38: 0.78 | CH38: 0.78 | CI38: 0.78 | CJ38: 0.78 | CK38: 0.76 | CL38: 0.76 | CM38: 0.74 | CN38: 0.71 | CO38: 0.71 | CP38: 0.71 | CQ38: 0.69 | CR38: 0.68 | CS38: 0.68 | CT38: 0.68 | CU38: 0.67 | CV38: 0.67 | CW38: 0.67 | CX38: 0.67 | CY38: 0.67 | CZ38: 0.67 | DA38: 0.665 | DB38: 0.665 | DC38: 0.665 | DD38: 0.665 | DE38: 0.665 | DF38: 0.665 | DG38: 0.665 | DH38: 0.665 | DI38: 0.665 | DJ38: 0.665 | DK38: 0.665 | DL38: 0.665 | DM38: 0.665 | DN38: 0.665 | DO38: 0.665 | DP38: 0.665 | DQ38: 0.665 | DR38: 0.665 | DS38: 0.665 | DT38: 0.665 | DU38: 0.665 | DV38: 0.665 | DW38: 0.665 | DX38: 0.665 | DY38: 0.665 | DZ38: 0.665 | EA38: 0.665 | EB38: 0.665 | EC38: 0.665 | ED38: 0.665 | EE38: 0.665 | EF38: 0.665 | EG38: 0.665 | EH38: 0.665 | EI38: 0.665 | EJ38: 0.665 | EK38: 0.665 | EL38: 0.665 | EM38: 0.665 | EN38: 0.665
A39: D8 | B39: 双面单晶perc组件（210系列） | C39: 540-550W（50片） | D39: 元/瓦 | E39: 1.85 | F39: 1.81 | G39: 1.81 | H39: 1.81 | I39: 1.81 | J39: 1.8 | K39: 1.8 | L39: 1.78 | M39: 1.78 | N39: 1.78 | O39: 1.76 | P39: 1.75 | Q39: 1.75 | R39: 1.75 | S39: 1.75 | T39: 1.73 | U39: 1.73 | V39: 1.7 | W39: 1.66 | X39: 1.66 | Y39: 1.63 | Z39: 1.61 | AA39: 1.44 | AB39: 1.42 | AC39: 1.415 | AD39: 1.41 | AE39: 1.36 | AF39: 1.33 | AG39: 1.33 | AH39: 1.28 | AI39: 1.28 | AJ39: 1.28 | AK39: 1.28 | AL39: 1.28 | AM39: 1.28 | AN39: 1.265 | AO39: 1.24 | AP39: 1.18 | AQ39: 1.15 | AR39: 1.14 | AS39: 1.12 | AT39: 1.05 | AU39: 1.04 | AV39: 1.13 | AW39: 1.13 | AX39: 1.13 | AY39: 0.98 | AZ39: 0.96 | BA39: 0.94 | BB39: 0.93 | BC39: 0.93 | BD39: 0.93 | BE39: 0.92 | BF39: 0.92 | BG39: 0.92 | BH39: 0.92 | BI39: 0.92 | BJ39: 0.92 | BK39: 0.92 | BL39: 0.92 | BM39: 0.92 | BN39: 0.9 | BO39: 0.9 | BP39: 0.9 | BQ39: 0.9 | BR39: 0.88 | BS39: 0.87 | BT39: 0.86 | BU39: 0.83 | BV39: 0.83 | BW39: 0.83 | BX39: 0.83 | BY39: 0.82 | BZ39: 0.82 | CA39: 0.82 | CB39: 0.8 | CC39: 0.8 | CD39: 0.8 | CE39: 0.79 | CF39: 0.79 | CG39: 0.79 | CH39: 0.79 | CI39: 0.79 | CJ39: 0.79 | CK39: 0.78 | CL39: 0.78 | CM39: 0.75 | CN39: 0.72 | CO39: 0.72 | CP39: 0.72 | CQ39: 0.7 | CR39: 0.69 | CS39: 0.69 | CT39: 0.69 | CU39: 0.68 | CV39: 0.68 | CW39: 0.68 | CX39: 0.68 | CY39: 0.68 | CZ39: 0.68 | DA39: 0.67 | DB39: 0.67 | DC39: 0.67 | DD39: 0.67 | DE39: 0.67 | DF39: 0.67 | DG39: 0.67 | DH39: 0.67 | DI39: 0.67 | DJ39: 0.67 | DK39: 0.67 | DL39: 0.67 | DM39: 0.67 | DN39: 0.67 | DO39: 0.67 | DP39: 0.67 | DQ39: 0.67 | DR39: 0.67 | DS39: 0.67 | DT39: 0.67 | DU39: 0.67 | DV39: 0.67 | DW39: 0.67 | DX39: 0.67 | DY39: 0.67 | DZ39: 0.67 | EA39: 0.67 | EB39: 0.67 | EC39: 0.67 | ED39: 0.67 | EE39: 0.67 | EF39: 0.67 | EG39: 0.67 | EH39: 0.67 | EI39: 0.67 | EJ39: 0.67 | EK39: 0.67 | EL39: 0.67 | EM39: 0.67 | EN39: 0.67
A40: D15 | B40: 双面Topcon组件（182系列） | C40: 550-570W（72片） | D40: 元/瓦 | E40: 1.92 | F40: 1.87 | G40: 1.87 | H40: 1.87 | I40: 1.87 | J40: 1.87 | K40: 1.85 | L40: 1.85 | M40: 1.85 | N40: 1.85 | O40: 1.85 | P40: 1.85 | Q40: 1.85 | R40: 1.85 | S40: 1.85 | T40: 1.83 | U40: 1.83 | V40: 1.78 | W40: 1.74 | X40: 1.74 | Y40: 1.7 | Z40: 1.69 | AA40: 1.5 | AB40: 1.48 | AC40: 1.455 | AD40: 1.455 | AE40: 1.397 | AF40: 1.38 | AG40: 1.38 | AH40: 1.33 | AI40: 1.33 | AJ40: 1.33 | AK40: 1.33 | AL40: 1.33 | AM40: 1.33 | AN40: 1.33 | AO40: 1.28 | AP40: 1.24 | AQ40: 1.18 | AR40: 1.17 | AS40: 1.15 | AT40: 1.13 | AU40: 1.1 | AV40: 1.1 | AW40: 1.09 | AX40: 1.09 | AY40: 1.03 | AZ40: 1.03 | BA40: 1.02 | BB40: 1.02 | BC40: 1.02 | BD40: 1.02 | BE40: 1.02 | BF40: 0.96 | BG40: 0.96 | BH40: 0.96 | BI40: 0.96 | BJ40: 0.96 | BK40: 0.96 | BL40: 0.96 | BM40: 0.96 | BN40: 0.96 | BO40: 0.96 | BP40: 0.96 | BQ40: 0.96 | BR40: 0.94 | BS40: 0.92 | BT40: 0.9 | BU40: 0.88 | BV40: 0.86 | BW40: 0.86 | BX40: 0.86 | BY40: 0.83 | BZ40: 0.81 | CA40: 0.81 | CB40: 0.81 | CC40: 0.8 | CD40: 0.8 | CE40: 0.8 | CF40: 0.8 | CG40: 0.78 | CH40: 0.775 | CI40: 0.775 | CJ40: 0.75 | CK40: 0.75 | CL40: 0.75 | CM40: 0.75 | CN40: 0.74 | CO40: 0.74 | CP40: 0.72 | CQ40: 0.72 | CR40: 0.72 | CS40: 0.72 | CT40: 0.7 | CU40: 0.7 | CV40: 0.7 | CW40: 0.7 | CX40: 0.7 | CY40: 0.7 | CZ40: 0.7 | DA40: 0.7 | DB40: 0.7 | DC40: 0.7 | DD40: 0.69 | DE40: 0.69 | DF40: 0.69 | DG40: 0.69 | DH40: 0.69 | DI40: 0.69 | DJ40: 0.71 | DK40: 0.72 | DL40: 0.75 | DM40: 0.75 | DN40: 0.75 | DO40: 0.75 | DP40: 0.73 | DQ40: 0.73 | DR40: 0.715 | DS40: 0.705 | DT40: 0.685 | DU40: 0.685 | DV40: 0.685 | DW40: 0.68 | DX40: 0.68 | DY40: 0.68 | DZ40: 0.68 | EA40: 0.68 | EB40: 0.67 | EC40: 0.67 | ED40: 0.67 | EE40: 0.675 | EF40: 0.7 | EG40: 0.7 | EH40: 0.7 | EI40: 0.7 | EJ40: 0.7 | EK40: 0.7 | EL40: 0.7 | EM40: 0.7 | EN40: 0.7 | EO40: 0.69 | EP40: 0.69 | EQ40: 0.69 | ER40: 0.69 | ES40: 0.69 | ET40: 0.69 | EU40: 0.69 | EV40: 0.69 | EW40: 0.69 | EX40: 0.68 | EY40: 0.68 | EZ40: 0.68 | FA40: 0.68 | FB40: 0.68 | FC40: 0.685 | FD40: 0.708 | FE40: 0.74 | FF40: 0.8 | FG40: 0.8 | FH40: 0.8 | FI40: 0.83 | FJ40: 0.83 | FK40: 0.82 | FL40: 0.81 | FM40: 0.81 | FN40: 0.78 | FO40: 0.76 | FP40: 0.76 | FQ40: 0.758 | FR40: 0.758 | FS40: 0.758 | FT40: 0.758 | FU40: 0.75 | FV40: 0.75 | FW40: 0.75 | FX40: 0.74 | FY40: 0.74 | FZ40: 0.72 | GA40: 0.71 | GB40: 0.7 | GC40: 0.68 | GD40: 0.66 | GE40: 0.655 | GF40: 0.645 | GG40: 0.645 | GH40: 0.65 | GI40: 0.66
A41: D1 | B41: 中国区-项目价 | C41: >385W | D41: 元/瓦
A42: D2 | B42: 中国区-项目价 | C42: ≥630W | D42: 元/瓦 | E42: 1.796 | F42: 1.796 | G42: 1.796 | H42: 1.796 | I42: 1.796 | J42: 1.796 | K42: 1.796 | L42: 1.75 | M42: 1.72 | N42: 1.72 | O42: 1.77 | P42: 1.77 | Q42: 1.77 | R42: 1.71 | S42: 1.71 | T42: 1.71 | U42: 1.71 | V42: 1.71 | W42: 1.65 | X42: 1.65 | Y42: 1.59 | Z42: 1.55 | AA42: 1.4 | AB42: 1.37 | AC42: 1.36 | AD42: 1.32 | AE42: 1.32 | AF42: 1.3 | AG42: 1.3 | AH42: 1.25 | AI42: 1.24 | AJ42: 1.24 | AK42: 1.24 | AL42: 1.24 | AM42: 1.24 | AN42: 1.24 | AO42: 1.22 | AP42: 1.15 | AQ42: 1.15 | AR42: 1.15 | AS42: 1.12 | AT42: 1.12 | AU42: 1.12 | AV42: 1.12 | AW42: 1.12 | AX42: 1.12 | AY42: 0.97 | AZ42: 0.97 | BA42: 0.97 | BB42: 0.95 | BC42: 0.95 | BD42: 0.95 | BE42: 0.95 | BF42: 0.95 | BG42: 0.95 | BH42: 0.95 | BI42: 0.95 | BJ42: 0.95 | BK42: 0.95 | BL42: 0.95 | BM42: 0.95 | BN42: 0.95 | BO42: 0.95 | BP42: 0.95 | BQ42: 0.95 | BR42: 0.94 | BS42: 0.92 | BT42: 0.89 | BU42: 0.89 | BV42: 0.89 | BW42: 0.89 | BX42: 0.89 | BY42: 0.89 | BZ42: 0.89 | CA42: 0.89 | CB42: 0.89 | CC42: 0.84 | CD42: 0.84 | CE42: 0.83 | CF42: 0.83 | CG42: 0.79 | CH42: 0.78 | CI42: 0.78 | CJ42: 0.76 | CK42: 0.74 | CL42: 0.74 | CM42: 0.74 | CN42: 0.72 | CO42: 0.71 | CP42: 0.685 | CQ42: 0.685 | CR42: 0.685 | CS42: 0.685 | CT42: 0.685 | CU42: 0.685 | CV42: 0.685 | CW42: 0.685 | CX42: 0.685 | CY42: 0.685 | CZ42: 0.685 | DA42: 0.685 | DB42: 0.685 | DC42: 0.685 | DD42: 0.685 | DE42: 0.685 | DF42: 0.685 | DG42: 0.685 | DH42: 0.685 | DI42: 0.685 | DJ42: 0.7 | DK42: 0.7 | DL42: 0.7 | DM42: 0.7 | DN42: 0.7 | DO42: 0.7 | DP42: 0.7 | DQ42: 0.7 | DR42: 0.7 | DS42: 0.69 | DT42: 0.69 | DU42: 0.69 | DV42: 0.665 | DW42: 0.66 | DX42: 0.66 | DY42: 0.66 | DZ42: 0.66 | EA42: 0.66 | EB42: 0.66 | EC42: 0.66 | ED42: 0.66 | EE42: 0.66 | EF42: 0.66 | EG42: 0.66 | EH42: 0.66 | EI42: 0.66 | EJ42: 0.66 | EK42: 0.66 | EL42: 0.66 | EM42: 0.66 | EN42: 0.66 | EO42: 0.66 | EP42: 0.66 | EQ42: 0.66 | ER42: 0.66 | ES42: 0.66 | ET42: 0.66 | EU42: 0.66 | EV42: 0.66 | EW42: 0.66 | EX42: 0.66 | EY42: 0.66 | EZ42: 0.66 | FA42: 0.66 | FB42: 0.66 | FC42: 0.68 | FD42: 0.75 | FE42: 0.75 | FF42: 0.78 | FG42: 0.78 | FH42: 0.78 | FI42: 0.78 | FJ42: 0.78 | FK42: 0.78 | FL42: 0.78 | FM42: 0.78 | FN42: 0.78 | FO42: 0.78 | FP42: 0.78 | FQ42: 0.78 | FR42: 0.78 | FS42: 0.78 | FT42: 0.78 | FU42: 0.78 | FV42: 0.747 | FW42: 0.747 | FX42: 0.745 | FY42: 0.745 | FZ42: 0.74 | GA42: 0.72 | GB42: 0.72 | GC42: 0.72 | GD42: 0.72 | GE42: 0.72 | GF42: 0.72 | GG42: 0.72 | GH42: 0.72 | GI42: 0.72 | GJ42: 0.72 | GK42: 0.72 | GL42: 0.72
A43: D11 | B43: 欧洲港口现货 | C43: ≥580w | D43: 美元/瓦 | E43: 0.27 | F43: 0.27 | G43: 0.27 | H43: 0.27 | I43: 0.27 | J43: 0.27 | K43: 0.27 | L43: 0.27 | M43: 0.27 | N43: 0.275 | O43: 0.27 | P43: 0.26 | Q43: 0.26 | R43: 0.25 | S43: 0.25 | T43: 0.25 | U43: 0.25 | V43: 0.25 | W43: 0.25 | X43: 0.25 | Y43: 0.23 | Z43: 0.22 | AA43: 0.215 | AB43: 0.205 | AC43: 0.202 | AD43: 0.198 | AE43: 0.198 | AF43: 0.198 | AG43: 0.198 | AH43: 0.198 | AI43: 0.198 | AJ43: 0.198 | AK43: 0.198 | AL43: 0.198 | AM43: 0.198 | AN43: 0.198 | AO43: 0.19 | AP43: 0.18 | AQ43: 0.16 | AR43: 0.15 | AS43: 0.13 | AT43: 0.125 | AU43: 0.125 | AV43: 0.125 | AW43: 0.125 | AX43: 0.125 | AY43: 0.125 | AZ43: 0.125 | BA43: 0.125 | BB43: 0.125 | BC43: 0.125 | BD43: 0.125 | BE43: 0.125 | BF43: 0.125 | BG43: 0.125 | BH43: 0.125 | BI43: 0.125 | BJ43: 0.125 | BK43: 0.125 | BL43: 0.125 | BM43: 0.125 | BN43: 0.125 | BO43: 0.128 | BP43: 0.128 | BQ43: 0.128 | BR43: 0.128 | BS43: 0.128 | BT43: 0.128 | BU43: 0.128 | BV43: 0.128 | BW43: 0.128 | BX43: 0.128 | BY43: 0.128 | BZ43: 0.125 | CA43: 0.124 | CB43: 0.124 | CC43: 0.124 | CD43: 0.124 | CE43: 0.124 | CF43: 0.124 | CG43: 0.122 | CH43: 0.12 | CI43: 0.12 | CJ43: 0.12 | CK43: 0.12 | CL43: 0.12 | CM43: 0.115 | CN43: 0.11 | CO43: 0.11 | CP43: 0.11 | CQ43: 0.11 | CR43: 0.11 | CS43: 0.108 | CT43: 0.108 | CU43: 0.108 | CV43: 0.108 | CW43: 0.104 | CX43: 0.0993 | CY43: 0.094 | CZ43: 0.094 | DA43: 0.094 | DB43: 0.094 | DC43: 0.09 | DD43: 0.089 | DE43: 0.089 | DF43: 0.092 | DG43: 0.092 | DH43: 0.092 | DI43: 0.092 | DJ43: 0.092 | DK43: 0.092 | DL43: 0.092 | DM43: 0.092 | DN43: 0.092 | DO43: 0.092 | DP43: 0.092 | DQ43: 0.092 | DR43: 0.092 | DS43: 0.092 | DT43: 0.092 | DU43: 0.092 | DV43: 0.092 | DW43: 0.092 | DX43: 0.092 | DY43: 0.092 | DZ43: 0.092 | EA43: 0.092 | EB43: 0.092 | EC43: 0.092 | ED43: 0.092 | EE43: 0.092 | EF43: 0.092 | EG43: 0.092 | EH43: 0.092 | EI43: 0.092 | EJ43: 0.092 | EK43: 0.092 | EL43: 0.092 | EM43: 0.092 | EN43: 0.092 | EO43: 0.092 | EP43: 0.092 | EQ43: 0.092 | ER43: 0.092 | ES43: 0.092 | ET43: 0.092 | EU43: 0.092 | EV43: 0.092 | EW43: 0.092 | EX43: 0.9 | EY43: 0.089 | EZ43: 0.089 | FA43: 0.089 | FB43: 0.089 | FC43: 0.089 | FD43: 0.1 | FE43: 0.1 | FF43: 0.105 | FG43: 0.105 | FH43: 0.105 | FI43: 0.105 | FJ43: 0.105 | FK43: 0.105 | FL43: 0.105 | FM43: 0.105 | FN43: 0.105 | FO43: 0.105 | FP43: 0.105 | FQ43: 0.105 | FR43: 0.105 | FS43: 0.105 | FT43: 0.105 | FU43: 0.105 | FV43: 0.105 | FW43: 0.105 | FX43: 0.105 | FY43: 0.105 | FZ43: 0.105 | GA43: 0.105 | GB43: 0.105 | GC43: 0.105 | GD43: 0.105 | GE43: 0.105 | GF43: 0.105 | GG43: 0.105 | GH43: 0.105 | GI43: 0.105 | GJ43: 0.105 | GK43: 0.105 | GL43: 0.105
A44: D12 | B44: 印度港口现货 | C44: ≥580w | D44: 美元/瓦 | E44: 0.263 | F44: 0.263 | G44: 0.263 | H44: 0.263 | I44: 0.263 | J44: 0.263 | K44: 0.263 | L44: 0.263 | M44: 0.263 | N44: 0.265 | O44: 0.26 | P44: 0.26 | Q44: 0.26 | R44: 0.26 | S44: 0.26 | T44: 0.26 | U44: 0.26 | V44: 0.26 | W44: 0.26 | X44: 0.26 | Y44: 0.235 | Z44: 0.235 | AA44: 0.235 | AB44: 0.23 | AC44: 0.23 | AD44: 0.23 | AE44: 0.23 | AF44: 0.23 | AG44: 0.23 | AH44: 0.23 | AI44: 0.23 | AJ44: 0.23 | AK44: 0.23 | AL44: 0.23 | AM44: 0.23 | AN44: 0.23 | AO44: 0.22 | AP44: 0.22 | AQ44: 0.22 | AR44: 0.22 | AS44: 0.22 | AT44: 0.215 | AU44: 0.215 | AV44: 0.215 | AW44: 0.215 | AX44: 0.215 | AY44: 0.215 | AZ44: 0.215 | BA44: 0.215 | BB44: 0.215 | BC44: 0.215 | BD44: 0.215 | BE44: 0.215 | BF44: 0.215 | BG44: 0.215 | BH44: 0.215 | BI44: 0.215 | BJ44: 0.215 | BK44: 0.215 | BL44: 0.215 | BM44: 0.215 | BN44: 0.215 | BO44: 0.215 | BP44: 0.215 | BQ44: 0.215 | BR44: 0.215 | BS44: 0.215 | BT44: 0.215 | BU44: 0.215 | BV44: 0.215 | BW44: 0.215 | BX44: 0.215 | BY44: 0.215 | BZ44: 0.215 | CA44: 0.215 | CB44: 0.215 | CC44: 0.215 | CD44: 0.215 | CE44: 0.215 | CF44: 0.215 | CG44: 0.215 | CH44: 0.215 | CI44: 0.215 | CJ44: 0.215 | CK44: 0.215 | CL44: 0.215 | CM44: 0.215 | CN44: 0.215 | CO44: 0.215 | CP44: 0.215 | CQ44: 0.215 | CR44: 0.215 | CS44: 0.215 | CT44: 0.215 | CU44: 0.215 | CV44: 0.215 | CW44: 0.215 | CX44: 0.215 | CY44: 0.215 | CZ44: 0.215 | DA44: 0.215 | DB44: 0.215 | DC44: 0.21 | DD44: 0.21 | DE44: 0.21 | DF44: 0.21 | DG44: 0.21 | DH44: 0.21 | DI44: 0.21 | DJ44: 0.21 | DK44: 0.21 | DL44: 0.21 | DM44: 0.21 | DN44: 0.21 | DO44: 0.21 | DP44: 0.21 | DQ44: 0.21 | DR44: 0.21 | DS44: 0.21 | DT44: 0.21 | DU44: 0.21 | DV44: 0.21 | DW44: 0.21 | DX44: 0.21 | DY44: 0.21 | DZ44: 0.21 | EA44: 0.21 | EB44: 0.21 | EC44: 0.21 | ED44: 0.21 | EE44: 0.21 | EF44: 0.21 | EG44: 0.21 | EH44: 0.21 | EI44: 0.21 | EJ44: 0.21 | EK44: 0.21 | EL44: 0.21 | EM44: 0.21 | EN44: 0.21 | EO44: 0.21 | EP44: 0.21 | EQ44: 0.21 | ER44: 0.21 | ES44: 0.21 | ET44: 0.21 | EU44: 0.21 | EV44: 0.21 | EW44: 0.21 | EX44: 0.21 | EY44: 0.21 | EZ44: 0.21 | FA44: 0.21 | FB44: 0.21 | FC44: 0.21 | FD44: 0.2484 | FE44: 0.2484 | FF44: 0.2484 | FG44: 0.2484 | FH44: 0.2484 | FI44: 0.2484 | FJ44: 0.2484 | FK44: 0.2484 | FL44: 0.2484 | FM44: 0.2484 | FN44: 0.2484 | FO44: 0.2484 | FP44: 0.2484 | FQ44: 0.2484 | FR44: 0.2484 | FS44: 0.2484 | FT44: 0.2484 | FU44: 0.2484 | FV44: 0.2484 | FW44: 0.2484 | FX44: 0.2484 | FY44: 0.2484 | FZ44: 0.2484 | GA44: 0.2484 | GB44: 0.2484 | GC44: 0.2484 | GD44: 0.2484 | GE44: 0.2484 | GF44: 0.2484 | GG44: 0.2484 | GH44: 0.2484 | GI44: 0.2484 | GJ44: 0.2484 | GK44: 0.2484 | GL44: 0.2484
A45: D13 | B45: 美国港口现货 | C45: ≥580w | D45: 美元/瓦 | E45: 0.328 | F45: 0.328 | G45: 0.328 | H45: 0.328 | I45: 0.328 | J45: 0.328 | K45: 0.328 | L45: 0.328 | M45: 0.328 | N45: 0.33 | O45: 0.33 | P45: 0.33 | Q45: 0.33 | R45: 0.33 | S45: 0.33 | T45: 0.33 | U45: 0.33 | V45: 0.33 | W45: 0.33 | X45: 0.33 | Y45: 0.33 | Z45: 0.33 | AA45: 0.33 | AB45: 0.33 | AC45: 0.33 | AD45: 0.33 | AE45: 0.33 | AF45: 0.33 | AG45: 0.33 | AH45: 0.33 | AI45: 0.33 | AJ45: 0.33 | AK45: 0.33 | AL45: 0.33 | AM45: 0.33 | AN45: 0.33 | AO45: 0.33 | AP45: 0.33 | AQ45: 0.33 | AR45: 0.33 | AS45: 0.33 | AT45: 0.33 | AU45: 0.33 | AV45: 0.33 | AW45: 0.33 | AX45: 0.33 | AY45: 0.33 | AZ45: 0.33 | BA45: 0.33 | BB45: 0.33 | BC45: 0.33 | BD45: 0.33 | BE45: 0.33 | BF45: 0.33 | BG45: 0.33 | BH45: 0.33 | BI45: 0.33 | BJ45: 0.33 | BK45: 0.33 | BL45: 0.33 | BM45: 0.33 | BN45: 0.33 | BO45: 0.33 | BP45: 0.33 | BQ45: 0.33 | BR45: 0.33 | BS45: 0.33 | BT45: 0.33 | BU45: 0.33 | BV45: 0.33 | BW45: 0.33 | BX45: 0.33 | BY45: 0.33 | BZ45: 0.33 | CA45: 0.33 | CB45: 0.33 | CC45: 0.33 | CD45: 0.33 | CE45: 0.33 | CF45: 0.33 | CG45: 0.33 | CH45: 0.33 | CI45: 0.33 | CJ45: 0.33 | CK45: 0.33 | CL45: 0.33 | CM45: 0.33 | CN45: 0.33 | CO45: 0.33 | CP45: 0.33 | CQ45: 0.31 | CR45: 0.31 | CS45: 0.31 | CT45: 0.31 | CU45: 0.3 | CV45: 0.28 | CW45: 0.27 | CX45: 0.265 | CY45: 0.265 | CZ45: 0.265 | DA45: 0.265 | DB45: 0.265 | DC45: 0.265 | DD45: 0.265 | DE45: 0.265 | DF45: 0.265 | DG45: 0.265 | DH45: 0.265 | DI45: 0.265 | DJ45: 0.265 | DK45: 0.265 | DL45: 0.265 | DM45: 0.265 | DN45: 0.265 | DO45: 0.265 | DP45: 0.265 | DQ45: 0.265 | DR45: 0.265 | DS45: 0.265 | DT45: 0.265 | DU45: 0.265 | DV45: 0.265 | DW45: 0.265 | DX45: 0.265 | DY45: 0.265 | DZ45: 0.265 | EA45: 0.265 | EB45: 0.265 | EC45: 0.265 | ED45: 0.265 | EE45: 0.265 | EF45: 0.265 | EG45: 0.265 | EH45: 0.265 | EI45: 0.265 | EJ45: 0.265 | EK45: 0.265 | EL45: 0.265 | EM45: 0.265 | EN45: 0.265 | EO45: 0.265 | EP45: 0.265 | EQ45: 0.265 | ER45: 0.265 | ES45: 0.265 | ET45: 0.265 | EU45: 0.265 | EV45: 0.265 | EW45: 0.265 | EX45: 0.265 | EY45: 0.265 | EZ45: 0.265 | FA45: 0.265 | FB45: 0.265 | FC45: 0.265 | FD45: 0.315 | FE45: 0.315 | FF45: 0.315 | FG45: 0.315 | FH45: 0.315 | FI45: 0.315 | FJ45: 0.315 | FK45: 0.315 | FL45: 0.315 | FM45: 0.315 | FN45: 0.315 | FO45: 0.315 | FP45: 0.315 | FQ45: 0.315 | FR45: 0.315 | FS45: 0.315 | FT45: 0.315 | FU45: 0.315 | FV45: 0.315 | FW45: 0.315 | FX45: 0.315 | FY45: 0.315 | FZ45: 0.315 | GA45: 0.315 | GB45: 0.315 | GC45: 0.315 | GD45: 0.315 | GE45: 0.315 | GF45: 0.315 | GG45: 0.315 | GH45: 0.315 | GI45: 0.315 | GJ45: 0.315 | GK45: 0.315 | GL45: 0.315
A46: E2 | B46: 光伏玻璃 | C46: 3.2mm | D46: 元/平方米 | E46: 27.5 | F46: 26.5 | G46: 26.5 | H46: 26.5 | I46: 26.5 | J46: 26.5 | K46: 26.5 | L46: 26.5 | M46: 26.5 | N46: 27 | O46: 25 | P46: 25 | Q46: 25 | R46: 25 | S46: 25 | T46: 25 | U46: 25 | V46: 25 | W46: 25 | X46: 25 | Y46: 25 | Z46: 25 | AA46: 25 | AB46: 25 | AC46: 25 | AD46: 25 | AE46: 25 | AF46: 25 | AG46: 25 | AH46: 25.5 | AI46: 25.5 | AJ46: 25.5 | AK46: 25.5 | AL46: 28 | AM46: 28 | AN46: 28 | AO46: 28 | AP46: 28 | AQ46: 28 | AR46: 28 | AS46: 28 | AT46: 28 | AU46: 28 | AV46: 28 | AW46: 28 | AX46: 28 | AY46: 28 | AZ46: 28 | BA46: 28 | BB46: 28 | BC46: 28 | BD46: 28 | BE46: 28 | BF46: 28 | BG46: 28 | BH46: 28 | BI46: 28 | BJ46: 28 | BK46: 25.5 | BL46: 25.5 | BM46: 25.5 | BN46: 25.5 | BO46: 25.5 | BP46: 26 | BQ46: 26 | BR46: 26 | BS46: 26 | BT46: 26 | BU46: 26 | BV46: 26 | BW46: 26 | BX46: 26 | BY46: 26 | BZ46: 26 | CA46: 26 | CB46: 26 | CC46: 26 | CD46: 25.5 | CE46: 25.5 | CF46: 25.5 | CG46: 25.5 | CH46: 25.5 | CI46: 25.5 | CJ46: 24 | CK46: 24 | CL46: 24 | CM46: 23 | CN46: 22 | CO46: 22 | CP46: 22 | CQ46: 22 | CR46: 22 | CS46: 22 | CT46: 22 | CU46: 22 | CV46: 22 | CW46: 22 | CX46: 21.5 | CY46: 21.5 | CZ46: 19.5 | DA46: 19.5 | DB46: 19.5 | DC46: 19.5 | DD46: 19.5 | DE46: 19.5 | DF46: 19.5 | DG46: 19.5 | DH46: 19.5 | DI46: 20 | DJ46: 20 | DK46: 20 | DL46: 23 | DM46: 23 | DN46: 23.5 | DO46: 23.5 | DP46: 23.5 | DQ46: 23.5 | DR46: 23.5 | DS46: 23.5 | DT46: 23 | DU46: 23 | DV46: 22.5 | DW46: 22.5 | DX46: 22.5 | DY46: 22.5 | DZ46: 22.5 | EA46: 22.5 | EB46: 20 | EC46: 20 | ED46: 20 | EE46: 20 | EF46: 20 | EG46: 20 | EH46: 20 | EI46: 20 | EJ46: 20 | EK46: 20 | EL46: 20 | EM46: 20 | EN46: 20 | EO46: 20 | EP46: 20 | EQ46: 20 | ER46: 20 | ES46: 20 | ET46: 20 | EU46: 20 | EV46: 20 | EW46: 20 | EX46: 20 | EY46: 20 | EZ46: 20 | FA46: 20 | FB46: 20 | FC46: 20 | FD46: 20 | FE46: 20 | FF46: 20 | FG46: 20 | FH46: 20 | FI46: 20 | FJ46: 20 | FK46: 20 | FL46: 19.5 | FM46: 19.5 | FN46: 19.5 | FO46: 19.5 | FP46: 19.5 | FQ46: 18.5 | FR46: 18.5 | FS46: 18.5 | FT46: 18.5 | FU46: 18.5 | FV46: 18.5 | FW46: 18.5 | FX46: 18.5 | FY46: 18.5 | FZ46: 18.5 | GA46: 18.5 | GB46: 18.5 | GC46: 18.5 | GD46: 18.5 | GE46: 18.5 | GF46: 18.5 | GG46: 18.5 | GH46: 18.5 | GI46: 18.5 | GJ46: 18.5 | GK46: 18.5 | GL46: 18.5
A47: E1 | B47: 光伏玻璃 | C47: 2.0mm | D47: 元/平方米 | E47: 21 | F47: 20 | G47: 20 | H47: 20 | I47: 20 | J47: 20 | K47: 20 | L47: 20 | M47: 20 | N47: 20 | O47: 18.5 | P47: 18.5 | Q47: 18.5 | R47: 18.5 | S47: 18.5 | T47: 18.5 | U47: 18.5 | V47: 18.5 | W47: 18.5 | X47: 18.5 | Y47: 18.5 | Z47: 18.5 | AA47: 18.5 | AB47: 18.5 | AC47: 18.5 | AD47: 18.5 | AE47: 18.5 | AF47: 18.5 | AG47: 18.5 | AH47: 18.5 | AI47: 18.5 | AJ47: 18.5 | AK47: 18.5 | AL47: 20 | AM47: 20 | AN47: 20 | AO47: 20 | AP47: 20 | AQ47: 20 | AR47: 20 | AS47: 20 | AT47: 20 | AU47: 20 | AV47: 20 | AW47: 20 | AX47: 20 | AY47: 20 | AZ47: 20 | BA47: 20 | BB47: 20 | BC47: 20 | BD47: 20 | BE47: 20 | BF47: 20 | BG47: 20 | BH47: 20 | BI47: 20 | BJ47: 20 | BK47: 16.5 | BL47: 16.5 | BM47: 16.5 | BN47: 16.5 | BO47: 16.5 | BP47: 16.5 | BQ47: 16.5 | BR47: 16.5 | BS47: 16.5 | BT47: 16.5 | BU47: 16.5 | BV47: 16.5 | BW47: 16.5 | BX47: 16.5 | BY47: 16.5 | BZ47: 16.5 | CA47: 16.5 | CB47: 16.5 | CC47: 16.5 | CD47: 15.8 | CE47: 15.8 | CF47: 15.8 | CG47: 15.8 | CH47: 15.8 | CI47: 15.8 | CJ47: 15 | CK47: 15 | CL47: 15 | CM47: 14 | CN47: 13 | CO47: 13 | CP47: 13 | CQ47: 13 | CR47: 13 | CS47: 13 | CT47: 13 | CU47: 13 | CV47: 13 | CW47: 13 | CX47: 13 | CY47: 13 | CZ47: 12 | DA47: 12 | DB47: 12 | DC47: 12 | DD47: 12 | DE47: 12 | DF47: 12 | DG47: 12 | DH47: 12 | DI47: 13 | DJ47: 13 | DK47: 13 | DL47: 13.5 | DM47: 13.5 | DN47: 14 | DO47: 14.5 | DP47: 14.5 | DQ47: 14.5 | DR47: 14.5 | DS47: 14.5 | DT47: 14.2 | DU47: 14.2 | DV47: 14 | DW47: 14 | DX47: 14 | DY47: 14 | DZ47: 14 | EA47: 14 | EB47: 12 | EC47: 12 | ED47: 12 | EE47: 12 | EF47: 12 | EG47: 12 | EH47: 12 | EI47: 12 | EJ47: 12 | EK47: 14 | EL47: 14 | EM47: 14 | EN47: 14 | EO47: 14 | EP47: 14 | EQ47: 14 | ER47: 14 | ES47: 14 | ET47: 14 | EU47: 14 | EV47: 14 | EW47: 14 | EX47: 13.5 | EY47: 13.5 | EZ47: 13.5 | FA47: 13.5 | FB47: 13.5 | FC47: 13.5 | FD47: 13.5 | FE47: 13.5 | FF47: 13.5 | FG47: 13.5 | FH47: 13.5 | FI47: 13.5 | FJ47: 13.5 | FK47: 13.5 | FL47: 12.8 | FM47: 12.8 | FN47: 12.8 | FO47: 12.8 | FP47: 12.8 | FQ47: 11.5 | FR47: 11.5 | FS47: 11.5 | FT47: 11.5 | FU47: 11.5 | FV47: 11.5 | FW47: 11.5 | FX47: 11.5 | FY47: 11.5 | FZ47: 11.5 | GA47: 11.5 | GB47: 11.5 | GC47: 11.5 | GD47: 11.5 | GE47: 11.5 | GF47: 11.5 | GG47: 11.5 | GH47: 11.5 | GI47: 11.5 | GJ47: 11.5 | GK47: 11.5 | GL47: 11.5
A48: B16 | B48: N型-182mm单晶硅片 | C48: 182mm x 182mmN型单晶硅片（130 um） | D48: 元/片 | I48: 6.52 | J48: 6.52 | K48: 6.52 | L48: 6.52 | M48: 6.52 | N48: 6.52 | O48: 6.52 | P48: 6.52 | Q48: 6.52 | R48: 6.52 | S48: 6.52 | T48: 6.52 | U48: 5.95 | V48: 5.8 | W48: 5 | X48: 4.9 | Y48: 4.5 | Z48: 4.15 | AA48: 3.5 | AB48: 3.5 | AC48: 3.5 | AD48: 3.5 | AE48: 2.9 | AF48: 2.9 | AG48: 2.9 | AH48: 3.01 | AI48: 3.01 | AJ48: 3.2 | AK48: 3.26 | AL48: 3.26 | AM48: 3.26 | AN48: 3.26 | AO48: 3.26 | AP48: 3.2 | AQ48: 3.05 | AR48: 2.9 | AS48: 2.7 | AT48: 2.55 | AU48: 2.55 | AV48: 2.55 | AW48: 2.55 | AX48: 2.55 | AY48: 2.55 | AZ48: 2.55 | BA48: 2.4 | BB48: 2.3 | BC48: 2.3 | BD48: 2.3 | BE48: 2.3 | BF48: 2.2 | BG48: 2.15 | BH48: 2.15 | BI48: 2.15 | BJ48: 2.15 | BK48: 2.08 | BL48: 1.98 | BM48: 1.85 | BN48: 1.7 | BO48: 1.6 | BP48: 1.55 | BQ48: 1.55 | BR48: 1.53 | BS48: 1.48 | BT48: 1.25 | BU48: 1.15 | BV48: 1.15 | BW48: 1.15 | BX48: 1.15 | BY48: 1.15 | BZ48: 1.15 | CA48: 1.15 | CB48: 1.15 | CC48: 1.15 | CD48: 1.15 | CE48: 1.15 | CF48: 1.15 | CG48: 1.15 | CH48: 1.15 | CI48: 1.15 | CJ48: 1.15 | CK48: 1.08 | CL48: 1.08 | CM48: 1.08 | CN48: 1.12 | CO48: 1.12 | CP48: 1.06 | CQ48: 1.06 | CR48: 1.06 | CS48: 1.03 | CT48: 1.02 | CU48: 1.02 | CV48: 1.02 | CW48: 1.02 | CX48: 1.02 | CY48: 1.05 | CZ48: 1.08 | DA48: 1.08 | DB48: 1.18 | DC48: 1.18 | DD48: 1.18 | DE48: 1.18 | DF48: 1.18 | DG48: 1.18 | DH48: 1.18 | DI48: 1.18 | DJ48: 1.2 | DK48: 1.2 | DL48: 1.23 | DM48: 1.23 | DN48: 1.28 | DO48: 1.28 | DP48: 1.28 | DQ48: 1.15 | DR48: 1.15 | DS48: 1.02 | DT48: 0.98 | DU48: 0.98 | DV48: 0.98 | DW48: 0.98 | DX48: 0.98 | DY48: 0.98 | DZ48: 0.98 | EA48: 0.9 | EB48: 0.86 | EC48: 0.86 | ED48: 0.95 | EE48: 1.05 | EF48: 1.1 | EG48: 1.2 | EH48: 1.2 | EI48: 1.2 | EJ48: 1.2 | EK48: 1.25 | EL48: 1.25 | EM48: 1.3 | EN48: 1.35 | EO48: 1.35 | EP48: 1.35 | EQ48: 1.35 | ER48: 1.35 | ES48: 1.35 | ET48: 1.3 | EU48: 1.3 | EV48: 1.3 | EW48: 1.2 | EX48: 1.18 | EY48: 1.18 | EZ48: 1.18 | FA48: 1.24 | FB48: 1.24 | FC48: 1.25 | FD48: 1.25 | FE48: 1.25 | FF48: 1.25 | FG48: 1.2 | FH48: 1.12 | FI48: 1.12 | FJ48: 1.05 | FK48: 1.05 | FL48: 1 | FM48: 0.98 | FN48: 0.96 | FO48: 0.92 | FP48: 0.9 | FQ48: 0.9 | FR48: 0.9 | FS48: 0.9 | FT48: 0.9 | FU48: 0.9 | FV48: 0.9 | FW48: 0.9 | FX48: 0.9 | FY48: 0.9 | FZ48: 0.9 | GA48: 0.9 | GB48: 0.9 | GC48: 0.87 | GD48: 0.87 | GE48: 0.8 | GF48: 0.8 | GG48: 0.8 | GH48: 0.9 | GI48: 1.12 | GJ48: 1.1 | GK48: 1.08 | GL48: 1.02
A49: B17 | B49: N型-210mm单晶硅片 | C49: 210mm*210mmN型单晶硅片（130 um） | D49: 元/片 | I49: 8.52 | J49: 8.52 | K49: 8.52 | L49: 8.52 | M49: 8.52 | N49: 8.52 | O49: 8.52 | P49: 8.52 | Q49: 8.2 | R49: 8.2 | S49: 8.2 | T49: 8.2 | U49: 7.74 | V49: 7.6 | W49: 6.8 | X49: 6.7 | Y49: 6.2 | Z49: 6.1 | AA49: 5 | AB49: 5 | AC49: 5 | AD49: 5 | AE49: 3.84 | AF49: 3.84 | AG49: 3.84 | AH49: 3.98 | AI49: 3.98 | AJ49: 4.25 | AK49: 4.32 | AL49: 4.32 | AM49: 4.32 | AN49: 4.32 | AO49: 4.32 | AP49: 4.2 | AQ49: 3.95 | AR49: 3.85 | AS49: 3.5 | AT49: 3.35 | AU49: 3.35 | AV49: 3.35 | AW49: 3.35 | AX49: 3.35 | AY49: 3.35 | AZ49: 3.35 | BA49: 3.25 | BB49: 3.23 | BC49: 3.23 | BD49: 3.23 | BE49: 3.1 | BF49: 3.1 | BG49: 3.08 | BH49: 3.08 | BI49: 3.08 | BJ49: 3.08 | BK49: 3.08 | BL49: 2.95 | BM49: 2.85 | BN49: 2.75 | BO49: 2.65 | BP49: 2.6 | BQ49: 2.6 | BR49: 2.3 | BS49: 2.23 | BT49: 2.1 | BU49: 1.85 | BV49: 1.85 | BW49: 1.85 | BX49: 1.85 | BY49: 1.85 | BZ49: 1.85 | CA49: 1.85 | CB49: 1.85 | CC49: 1.85 | CD49: 1.85 | CE49: 1.85 | CF49: 1.75 | CG49: 1.7 | CH49: 1.7 | CI49: 1.6 | CJ49: 1.55 | CK49: 1.5 | CL49: 1.5 | CM49: 1.5 | CN49: 1.5 | CO49: 1.5 | CP49: 1.45 | CQ49: 1.45 | CR49: 1.45 | CS49: 1.45 | CT49: 1.45 | CU49: 1.45 | CV49: 1.45 | CW49: 1.45 | CX49: 1.45 | CY49: 1.45 | CZ49: 1.45 | DA49: 1.45 | DB49: 1.55 | DC49: 1.55 | DD49: 1.55 | DE49: 1.55 | DF49: 1.55 | DG49: 1.55 | DH49: 1.55 | DI49: 1.55 | DJ49: 1.55 | DK49: 1.55 | DL49: 1.55 | DM49: 1.55 | DN49: 1.58 | DO49: 1.58 | DP49: 1.55 | DQ49: 1.45 | DR49: 1.45 | DS49: 1.35 | DT49: 1.3 | DU49: 1.3 | DV49: 1.3 | DW49: 1.3 | DX49: 1.3 | DY49: 1.3 | DZ49: 1.3 | EA49: 1.25 | EB49: 1.23 | EC49: 1.23 | ED49: 1.3 | EE49: 1.4 | EF49: 1.45 | EG49: 1.55 | EH49: 1.55 | EI49: 1.55 | EJ49: 1.55 | EK49: 1.6 | EL49: 1.6 | EM49: 1.65 | EN49: 1.7 | EO49: 1.7 | EP49: 1.7 | EQ49: 1.7 | ER49: 1.7 | ES49: 1.7 | ET49: 1.65 | EU49: 1.65 | EV49: 1.65 | EW49: 1.55 | EX49: 1.53 | EY49: 1.5 | EZ49: 1.5 | FA49: 1.55 | FB49: 1.55 | FC49: 1.55 | FD49: 1.55 | FE49: 1.55 | FF49: 1.5 | FG49: 1.48 | FH49: 1.4 | FI49: 1.4 | FJ49: 1.35 | FK49: 1.35 | FL49: 1.3 | FM49: 1.3 | FN49: 1.28 | FO49: 1.23 | FP49: 1.185 | FQ49: 1.185 | FR49: 1.185 | FS49: 1.19 | FT49: 1.19 | FU49: 1.19 | FV49: 1.19 | FW49: 1.19 | FX49: 1.19 | FY49: 1.19 | FZ49: 1.19 | GA49: 1.18 | GB49: 1.18 | GC49: 1.16 | GD49: 1.16 | GE49: 1.1 | GF49: 1.1 | GG49: 1.1 | GH49: 1.2 | GI49: 1.25 | GJ49: 1.2 | GK49: 1.2 | GL49: 1.15
B50: N型料 | C50: N型用料 | D50: 元/公斤 | AE50: 74.5 | AF50: 76 | AG50: 76.3 | AH50: 80 | AI50: 80.2 | AJ50: 84 | AK50: 86 | AL50: 90 | AM50: 92 | AN50: 92 | AO50: 92 | AP50: 92 | AQ50: 92 | AR50: 92 | AS50: 85 | AT50: 75 | AU50: 72 | AV50: 69 | AW50: 68.5 | AX50: 68 | AY50: 67 | AZ50: 67 | BA50: 67 | BB50: 67 | BC50: 67 | BD50: 67 | BE50: 69.5 | BF50: 69.5 | BG50: 69.5 | BH50: 69.5 | BI50: 69.5 | BJ50: 69.5 | BK50: 69.5 | BL50: 69.5 | BM50: 69.5 | BN50: 69.5 | BO50: 69.5 | BP50: 60 | BQ50: 57 | BR50: 48 | BS50: 42 | BT50: 41 | BU50: 41 | BV50: 39.5 | BW50: 39.5 | BX50: 39.5 | BY50: 37.5 | BZ50: 37.5 | CA50: 37.5 | CB50: 37.5 | CC50: 37.5 | CD50: 37.5 | CE50: 37.5 | CF50: 37.5 | CG50: 37.5 | CH50: 37.5 | CI50: 37.5 | CJ50: 38.5 | CK50: 38.5 | CL50: 38.5 | CM50: 38.5 | CN50: 40 | CO50: 40 | CP50: 40 | CQ50: 40 | CR50: 40 | CS50: 40 | CT50: 40 | CU50: 40 | CV50: 40 | CW50: 40 | CX50: 40 | CY50: 40.5 | CZ50: 40.5 | DA50: 40.5 | DB50: 42 | DC50: 42 | DD50: 42 | DE50: 42 | DF50: 42 | DG50: 42 | DH50: 42 | DI50: 42 | DJ50: 42 | DK50: 42 | DL50: 42 | DM50: 42 | DN50: 42 | DO50: 42 | DP50: 42 | DQ50: 39.5 | DR50: 39.5 | DS50: 39.5 | DT50: 39.5 | DU50: 39.5 | DV50: 38.5 | DW50: 36.5 | DX50: 36.5 | DY50: 36.5 | DZ50: 36.5 | EA50: 35.5 | EB50: 35.5 | EC50: 35.5 | ED50: 36 | EE50: 46 | EF50: 46 | EG50: 48 | EH50: 48 | EI50: 48 | EJ50: 48 | EK50: 50 | EL50: 50 | EM50: 51 | EN50: 51 | EO50: 51.5 | EP50: 52 | EQ50: 52.5 | ER50: 52.5 | ES50: 52.5 | ET50: 52.5 | EU50: 52.5 | EV50: 52.5 | EW50: 52.5 | EX50: 52.5 | EY50: 52.5 | EZ50: 52.5 | FA50: 52.5 | FB50: 52.5 | FC50: 52.5 | FD50: 52.5 | FE50: 52.5 | FF50: 52.5 | FG50: 52.5 | FH50: 52.5 | FI50: 52.5 | FJ50: 48 | FK50: 48 | FL50: 43.5 | FM50: 43.5 | FN50: 39 | FO50: 36 | FP50: 36 | FQ50: 36 | FR50: 36 | FS50: 36 | FT50: 36 | FU50: 35.5 | FV50: 35 | FW50: 35 | FX50: 34.5 | FY50: 34.5 | FZ50: 34 | GA50: 33.7 | GB50: 33.7 | GC50: 33.7 | GD50: 33.7 | GE50: 32.5 | GF50: 32.5 | GG50: 32.5 | GH50: 32.5 | GI50: 32.5 | GJ50: 32.5 | GK50: 43 | GL50: 43
B51: 颗粒硅 | C51: 颗粒硅 | AM51: 75 | AN51: 75 | AO51: 80 | AP51: 80 | AQ51: 78 | AR51: 78 | AU51: 62 | AV51: 62 | AW51: 62 | AX51: 62 | AY51: 61 | AZ51: 61 | BA51: 61 | BB51: 61 | BC51: 61 | BD51: 61 | BE51: 61 | BF51: 61 | BG51: 61 | BH51: 61 | BI51: 61 | BJ51: 61 | BK51: 62.5 | BL51: 62.5 | BM51: 62.5 | BN51: 59 | BO51: 55 | BP51: 51 | BQ51: 51 | BR51: 44 | BS51: 40 | BT51: 39 | BU51: 39 | BV51: 38 | BW51: 38 | BX51: 38 | BY51: 36.5 | BZ51: 36.5 | CA51: 36.5 | CB51: 36.5 | CC51: 36.5 | CD51: 36.5 | CE51: 36.5 | CF51: 36.5 | CG51: 36.5 | CH51: 36.5 | CI51: 36.5 | CJ51: 37 | CK51: 37 | CL51: 37 | CM51: 37 | CN51: 37 | CO51: 37 | CP51: 37 | CQ51: 37 | CR51: 37 | CS51: 37 | CT51: 37 | CU51: 37 | CV51: 37 | CW51: 37 | CX51: 37 | CY51: 37 | CZ51: 37 | DA51: 37 | DB51: 39 | DC51: 39 | DD51: 39 | DE51: 39 | DF51: 39 | DG51: 39 | DH51: 39 | DI51: 39 | DJ51: 39 | DK51: 39 | DL51: 39 | DM51: 39 | DN51: 39 | DO51: 39 | DP51: 39 | DQ51: 37.5 | DR51: 37.5 | DS51: 36.5 | DT51: 35.5 | DU51: 35.5 | DV51: 35.5 | DW51: 35.5 | DX51: 35.5 | DY51: 35.5 | DZ51: 35.5 | EA51: 34 | EB51: 34 | EC51: 36 | ED51: 34 | EE51: 44 | EF51: 44 | EG51: 45 | EH51: 45 | EI51: 45 | EJ51: 45 | EK51: 47 | EL51: 47 | EM51: 49 | EN51: 49 | EO51: 50 | EP51: 50 | EQ51: 50 | ER51: 50 | ES51: 50 | ET51: 50 | EU51: 50 | EV51: 50 | EW51: 50 | EX51: 50 | EY51: 50 | EZ51: 50 | FA51: 50 | FB51: 50 | FC51: 50 | FD51: 50 | FE51: 50 | FF51: 50 | FG51: 50 | FH51: 50 | FI51: 50 | FJ51: 46 | FK51: 46 | FL51: 42.5 | FM51: 42.5 | FN51: 38 | FO51: 35 | FP51: 35 | FQ51: 35 | FR51: 35 | FS51: 35 | FT51: 35 | FU51: 35 | FV51: 33.5 | FW51: 33.5 | FX51: 33.5 | FY51: 33.5 | FZ51: 33 | GA51: 33 | GB51: 33 | GC51: 33 | GD51: 33 | GE51: 31.5 | GF51: 31.5 | GG51: 31.5 | GH51: 31.5 | GI51: 31.5 | GJ51: 31.5 | GK51: 41 | GL51: 41
A52: D16 | B52: N型双面Topcon 组件（210系列） | C52: 630-655W（60片） | BF52: 0.96 | BG52: 0.96 | BH52: 0.96 | BI52: 0.96 | BJ52: 0.96 | BK52: 0.96 | BL52: 0.96 | BM52: 0.96 | BN52: 0.96 | BO52: 0.96 | BP52: 0.96 | BQ52: 0.96 | BR52: 0.94 | BS52: 0.93 | BT52: 0.91 | BU52: 0.89 | BV52: 0.87 | BW52: 0.87 | BX52: 0.87 | BY52: 0.84 | BZ52: 0.82 | CA52: 0.82 | CB52: 0.82 | CC52: 0.81 | CD52: 0.81 | CE52: 0.81 | CF52: 0.81 | CG52: 0.79 | CH52: 0.785 | CI52: 0.785 | CJ52: 0.76 | CK52: 0.76 | CL52: 0.76 | CM52: 0.76 | CN52: 0.75 | CO52: 0.75 | CP52: 0.73 | CQ52: 0.73 | CR52: 0.725 | CS52: 0.725 | CT52: 0.71 | CU52: 0.71 | CV52: 0.71 | CW52: 0.71 | CX52: 0.71 | CY52: 0.71 | CZ52: 0.71 | DA52: 0.71 | DB52: 0.71 | DC52: 0.71 | DD52: 0.695 | DE52: 0.695 | DF52: 0.69 | DG52: 0.69 | DH52: 0.695 | DI52: 0.695 | DJ52: 0.71 | DK52: 0.725 | DL52: 0.75 | DM52: 0.75 | DN52: 0.75 | DO52: 0.75 | DP52: 0.72 | DQ52: 0.72 | DR52: 0.71 | DS52: 0.695 | DT52: 0.675 | DU52: 0.675 | DV52: 0.675 | DW52: 0.67 | DX52: 0.67 | DY52: 0.67 | DZ52: 0.67 | EA52: 0.67 | EB52: 0.67 | EC52: 0.67 | ED52: 0.67 | EE52: 0.678 | EF52: 0.7 | EG52: 0.7 | EH52: 0.7 | EI52: 0.7 | EJ52: 0.7 | EK52: 0.7 | EL52: 0.7 | EM52: 0.7 | EN52: 0.7 | EO52: 0.7 | EP52: 0.7 | EQ52: 0.7 | ER52: 0.7 | ES52: 0.7 | ET52: 0.7 | EU52: 0.7 | EV52: 0.7 | EW52: 0.7 | EX52: 0.69 | EY52: 0.69 | EZ52: 0.69 | FA52: 0.69 | FB52: 0.69 | FC52: 0.69 | FD52: 0.73 | FE52: 0.79 | FF52: 0.8 | FG52: 0.8 | FH52: 0.8 | FI52: 0.86 | FJ52: 0.86 | FK52: 0.86 | FL52: 0.83 | FM52: 0.82 | FN52: 0.79 | FO52: 0.78 | FP52: 0.78 | FQ52: 0.769 | FR52: 0.769 | FS52: 0.769 | FT52: 0.76 | FU52: 0.755 | FV52: 0.755 | FW52: 0.755 | FX52: 0.745 | FY52: 0.745 | FZ52: 0.73 | GA52: 0.72 | GB52: 0.705 | GC52: 0.7 | GD52: 0.7 | GE52: 0.685 | GF52: 0.685 | GG52: 0.685 | GH52: 0.695 | GI52: 0.705 | GJ52: 0.705 | GK52: 0.705 | GL52: 0.705
A53: 21 | B53: N型双面HJT组件（210系列） | C53: 615-635W | D53: 元/瓦 | BJ53: 1.1 | BK53: 1.1 | BL53: 1.1 | BM53: 1.1 | BN53: 1.05 | BO53: 1.05 | BP53: 1.05 | BQ53: 1.05 | BR53: 1.05 | BS53: 1.05 | BT53: 1.05 | BU53: 1.05 | BV53: 1.05 | BW53: 1.05 | BX53: 1.05 | BY53: 1.05 | BZ53: 0.95 | CA53: 0.9 | CB53: 0.86 | CC53: 0.85 | CD53: 0.85 | CE53: 0.84 | CF53: 0.84 | CG53: 0.84 | CH53: 0.835 | CI53: 0.835 | CJ53: 0.82 | CK53: 0.81 | CL53: 0.81 | CM53: 0.81 | CN53: 0.78 | CO53: 0.78 | CP53: 0.78 | CQ53: 0.78 | CR53: 0.78 | CS53: 0.78 | CT53: 0.78 | CU53: 0.78 | CV53: 0.78 | CW53: 0.78 | CX53: 0.75 | CY53: 0.75 | CZ53: 0.75 | DA53: 0.75 | DB53: 0.75 | DC53: 0.75 | DD53: 0.75 | DE53: 0.75 | DF53: 0.75 | DG53: 0.75 | DH53: 0.75 | DI53: 0.75 | DJ53: 0.75 | DK53: 0.75 | DL53: 0.79 | DM53: 0.795 | DN53: 0.795 | DO53: 0.795 | DP53: 0.76 | DQ53: 0.76 | DR53: 0.76 | DS53: 0.76 | DT53: 0.76 | DU53: 0.755 | DV53: 0.755 | DW53: 0.755 | DX53: 0.755 | DY53: 0.755 | DZ53: 0.755 | EA53: 0.755
A54: B18 | B54: N型-210Rmm单晶硅片（130um） | C54: 182.2*210mm | CL54: 1.3 | CM54: 1.25 | CN54: 1.3 | CO54: 1.3 | CP54: 1.25 | CQ54: 1.25 | CR54: 1.25 | CS54: 1.2 | CT54: 1.2 | CU54: 1.2 | CV54: 1.2 | CW54: 1.2 | CX54: 1.2 | CY54: 1.15 | CZ54: 1.2 | DA54: 1.25 | DB54: 1.33 | DC54: 1.33 | DD54: 1.33 | DE54: 1.33 | DF54: 1.33 | DG54: 1.3 | DH54: 1.3 | DI54: 1.35 | DJ54: 1.4 | DK54: 1.4 | DL54: 1.45 | DM54: 1.45 | DN54: 1.55 | DO54: 1.53 | DP54: 1.5 | DQ54: 1.3 | DR54: 1.3 | DS54: 1.15 | DT54: 1.1 | DU54: 1.1 | DV54: 1.09 | DW54: 1.08 | DX54: 1.08 | DY54: 1.08 | DZ54: 1.08 | EA54: 1.03 | EB54: 1.025 | EC54: 1.025 | ED54: 1.1 | EE54: 1.2 | EF54: 1.25 | EG54: 1.35 | EH54: 1.35 | EI54: 1.35 | EJ54: 1.35 | EK54: 1.4 | EL54: 1.4 | EM54: 1.4 | EN54: 1.4 | EO54: 1.4 | EP54: 1.4 | EQ54: 1.4 | ER54: 1.4 | ES54: 1.4 | ET54: 1.33 | EU54: 1.3 | EV54: 1.3 | EW54: 1.25 | EX54: 1.23 | EY54: 1.2 | EZ54: 1.2 | FA54: 1.3 | FB54: 1.3 | FC54: 1.35 | FD54: 1.35 | FE54: 1.35 | FF54: 1.3 | FG54: 1.28 | FH54: 1.2 | FI54: 1.2 | FJ54: 1.17 | FK54: 1.15 | FL54: 1.1 | FM54: 1.1 | FN54: 1.05 | FO54: 1.02 | FP54: 0.99 | FQ54: 0.99 | FR54: 0.99 | FS54: 0.99 | FT54: 0.99 | FU54: 0.99 | FV54: 0.99 | FW54: 0.99 | FX54: 0.98 | FY54: 0.98 | FZ54: 0.98 | GA54: 0.98 | GB54: 0.98 | GC54: 0.95 | GD54: 0.95 | GE54: 0.9 | GF54: 0.9 | GG54: 0.9 | GH54: 1 | GI54: 1.15 | GJ54: 1.1 | GK54: 1.08 | GL54: 1.05
A55: C12 | B55: 双面Topcon电池片（＞24.3%） | C55: 182.2mm x 210mm | CL55: 0.29 | CM55: 0.28 | CN55: 0.285 | CO55: 0.285 | CP55: 0.285 | CQ55: 0.285 | CR55: 0.285 | CS55: 0.285 | CT55: 0.275 | CU55: 0.275 | CV55: 0.275 | CW55: 0.275 | CX55: 0.275 | CY55: 0.275 | CZ55: 0.28 | DA55: 0.285 | DB55: 0.285 | DC55: 0.285 | DD55: 0.285 | DE55: 0.285 | DF55: 0.285 | DG55: 0.285 | DH55: 0.285 | DI55: 0.298 | DJ55: 0.31 | DK55: 0.35 | DL55: 0.35 | DM55: 0.34 | DN55: 0.34 | DO55: 0.33 | DP55: 0.295 | DQ55: 0.28 | DR55: 0.28 | DS55: 0.268 | DT55: 0.265 | DU55: 0.265 | DV55: 0.26 | DW55: 0.26 | DX55: 0.26 | DY55: 0.26 | DZ55: 0.26 | EA55: 0.26 | EB55: 0.255 | EC55: 0.245 | ED55: 0.245 | EE55: 0.262 | EF55: 0.275 | EG55: 0.29 | EH55: 0.29 | EI55: 0.29 | EJ55: 0.29 | EK55: 0.291 | EL55: 0.291 | EM55: 0.289 | EN55: 0.29 | EO55: 0.29 | EP55: 0.29 | EQ55: 0.29 | ER55: 0.284 | ES55: 0.284 | ET55: 0.284 | EU55: 0.284 | EV55: 0.282 | EW55: 0.278 | EX55: 0.275 | EY55: 0.273 | EZ55: 0.29 | FA55: 0.31 | FB55: 0.31 | FC55: 0.37 | FD55: 0.38 | FE55: 0.41 | FF55: 0.435 | FG55: 0.435 | FH55: 0.435 | FI55: 0.435 | FJ55: 0.42 | FK55: 0.42 | FL55: 0.41 | FM55: 0.39 | FN55: 0.375 | FO55: 0.36 | FP55: 0.355 | FQ55: 0.34 | FR55: 0.34 | FS55: 0.34 | FT55: 0.34 | FU55: 0.34 | FV55: 0.33 | FW55: 0.33 | FX55: 0.315 | FY55: 0.31 | FZ55: 0.29 | GA55: 0.27 | GB55: 0.268 | GC55: 0.268 | GD55: 0.268 | GE55: 0.268 | GF55: 0.268 | GG55: 0.29 | GH55: 0.38 | GI55: 0.305 | GJ55: 0.3 | GK55: 0.3 | GL55: 0.315
B56: 中国区-项目价 | C56: ≥615W | DB56: 0.68 | DC56: 0.64 | DD56: 0.62 | DE56: 0.62 | DF56: 0.67 | DG56: 0.67 | DH56: 0.67 | DI56: 0.69 | DJ56: 0.735 | DK56: 0.75 | DL56: 0.75 | DM56: 0.75 | DN56: 0.76 | DO56: 0.755 | DP56: 0.74 | DQ56: 0.72 | DR56: 0.72 | DS56: 0.695 | DT56: 0.68 | DU56: 0.68 | DV56: 0.68 | DW56: 0.68 | DX56: 0.68 | DY56: 0.68 | DZ56: 0.68 | EA56: 0.68 | EB56: 0.68 | EC56: 0.68 | ED56: 0.68 | EE56: 0.685 | EF56: 0.705 | EG56: 0.705 | EH56: 0.72 | EI56: 0.71 | EJ56: 0.71 | EK56: 0.71 | EL56: 0.71 | EM56: 0.71 | EN56: 0.7 | EO56: 0.68 | EP56: 0.678 | EQ56: 0.678 | ER56: 0.665 | ES56: 0.665 | ET56: 0.665 | EU56: 0.66 | EV56: 0.66 | EW56: 0.66 | EX56: 0.655 | EY56: 0.655 | EZ56: 0.655 | FA56: 0.655 | FB56: 0.655 | FC56: 0.66 | FD56: 0.72 | FE56: 0.74 | FF56: 0.78 | FG56: 0.78 | FH56: 0.78 | FI56: 0.86 | FJ56: 0.86 | FK56: 0.84 | FL56: 0.795 | FM56: 0.79 | FN56: 0.77 | FO56: 0.76 | FP56: 0.76 | FQ56: 0.758 | FR56: 0.758 | FS56: 0.755 | FT56: 0.75 | FU56: 0.75 | FV56: 0.745 | FW56: 0.745 | FX56: 0.73 | FY56: 0.73 | FZ56: 0.72 | GA56: 0.715 | GB56: 0.715 | GC56: 0.715 | GD56: 0.715 | GE56: 0.715 | GF56: 0.69 | GG56: 0.69 | GH56: 0.69 | GI56: 0.69 | GJ56: 0.69 | GK56: 0.67 | GL56: 0.67
B57: N型双面BC组件（210R系列）New！ | C57: 650-675W | DL57: 0.85 | DM57: 0.87 | DN57: 0.87 | DO57: 0.87 | DP57: 0.87 | DQ57: 0.83 | DR57: 0.83 | DS57: 0.83 | DT57: 0.83 | DU57: 0.78 | DV57: 0.78 | DW57: 0.78 | DX57: 0.78 | DY57: 0.78 | DZ57: 0.78 | EA57: 0.78 | EB57: 0.78 | EC57: 0.78 | ED57: 0.78 | EE57: 0.78 | EF57: 0.79 | EG57: 0.79 | EH57: 0.79 | EI57: 0.79 | EJ57: 0.79 | EK57: 0.79 | EL57: 0.79 | EM57: 0.79 | EN57: 0.79 | EO57: 0.79 | EP57: 0.79 | EQ57: 0.79 | ER57: 0.79 | ES57: 0.79 | ET57: 0.79 | EU57: 0.78 | EV57: 0.78 | EW57: 0.78 | EX57: 0.76 | EY57: 0.76 | EZ57: 0.76 | FA57: 0.76 | FB57: 0.76 | FC57: 0.76 | FD57: 0.83 | FE57: 0.83 | FF57: 0.83 | FG57: 0.83 | FH57: 0.83 | FI57: 0.9 | FJ57: 0.9 | FK57: 0.9 | FL57: 0.9 | FM57: 0.88 | FN57: 0.875 | FO57: 0.86 | FP57: 0.86 | FQ57: 0.845 | FR57: 0.845 | FS57: 0.845 | FT57: 0.84 | FU57: 0.83 | FV57: 0.83 | FW57: 0.83 | FX57: 0.83 | FY57: 0.83 | FZ57: 0.83 | GA57: 0.83 | GB57: 0.83 | GC57: 0.83 | GD57: 0.83 | GE57: 0.83 | GF57: 0.83 | GG57: 0.83 | GH57: 0.83 | GI57: 0.83 | GJ57: 0.83 | GK57: 0.83 | GL57: 0.81
B58: N型双面BC组件（210R系列）集中式项目价格New！ | C58: 640-670W | DL58: 0.8 | DM58: 0.805 | DN58: 0.805 | DO58: 0.805 | DP58: 0.805 | DQ58: 0.8 | DR58: 0.8 | DS58: 0.8 | DT58: 0.8 | DU58: 0.76 | DV58: 0.76 | DW58: 0.76 | DX58: 0.76 | DY58: 0.76 | DZ58: 0.76 | EA58: 0.76 | EB58: 0.76 | EC58: 0.76 | ED58: 0.76 | EE58: 0.76 | EF58: 0.76 | EG58: 0.76 | EH58: 0.76 | EI58: 0.76 | EJ58: 0.76 | EK58: 0.76 | EL58: 0.76 | EM58: 0.76 | EN58: 0.76 | EO58: 0.76 | EP58: 0.76 | EQ58: 0.76 | ER58: 0.76 | ES58: 0.76 | ET58: 0.76 | EU58: 0.76 | EV58: 0.76 | EW58: 0.76 | EX58: 0.76 | EY58: 0.75 | EZ58: 0.75 | FA58: 0.75 | FB58: 0.75 | FC58: 0.75 | FD58: 0.75 | FE58: 0.75 | FF58: 0.82 | FG58: 0.82 | FH58: 0.82 | FI58: 0.82 | FJ58: 0.82 | FK58: 0.82 | FL58: 0.82 | FM58: 0.82 | FN58: 0.82 | FO58: 0.82 | FP58: 0.82 | FQ58: 0.79 | FR58: 0.79 | FS58: 0.79 | FT58: 0.79 | FU58: 0.79 | FV58: 0.79 | FW58: 0.79 | FX58: 0.79 | FY58: 0.79 | FZ58: 0.79 | GA58: 0.79 | GB58: 0.79 | GC58: 0.79 | GD58: 0.79 | GE58: 0.79 | GF58: 0.79 | GG58: 0.79 | GH58: 0.79 | GI58: 0.79 | GJ58: 0.79 | GK58: 0.79 | GL58: 0.78
B59: 中国区-项目价 New！ | C59: ≥630W | DX59: 0.68 | DY59: 0.69 | DZ59: 0.69 | EA59: 0.69 | EB59: 0.69 | EC59: 0.69 | ED59: 0.69 | EE59: 0.695 | EF59: 0.7 | EG59: 0.7 | EH59: 0.7 | EI59: 0.695 | EJ59: 0.695 | EK59: 0.695 | EL59: 0.695 | EM59: 0.695 | EN59: 0.69 | EO59: 0.685 | EP59: 0.685 | EQ59: 0.685 | ER59: 0.685 | ES59: 0.685 | ET59: 0.685 | EU59: 0.685 | EV59: 0.685 | EW59: 0.685 | EX59: 0.685 | EY59: 0.685 | EZ59: 0.685 | FA59: 0.685 | FB59: 0.685 | FC59: 0.685 | FD59: 0.75 | FE59: 0.76 | FF59: 0.8 | FG59: 0.8 | FH59: 0.8 | FI59: 0.875 | FJ59: 0.875 | FK59: 0.85 | FL59: 0.805 | FM59: 0.805 | FN59: 0.78 | FO59: 0.775 | FP59: 0.775 | FQ59: 0.77 | FR59: 0.77 | FS59: 0.77 | FT59: 0.765 | FU59: 0.765 | FV59: 0.75 | FW59: 0.75 | FX59: 0.75 | FY59: 0.75 | FZ59: 0.73 | GA59: 0.725 | GB59: 0.725 | GC59: 0.725 | GD59: 0.72 | GE59: 0.725 | GF59: 0.725 | GG59: 0.725 | GH59: 0.725 | GI59: 0.725 | GJ59: 0.725 | GK59: 0.725 | GL59: 0.725
B60: N型双面HJT组件（210系列） New！ | C60: 715-730W | D60: 元/瓦 | EA60: 0.78 | EB60: 0.78 | EC60: 0.78 | ED60: 0.78 | EE60: 0.78 | EF60: 0.785 | EG60: 0.785 | EH60: 0.79 | EI60: 0.79 | EJ60: 0.79 | EK60: 0.79 | EL60: 0.79 | EM60: 0.79 | EN60: 0.79 | EO60: 0.79 | EP60: 0.79 | EQ60: 0.79 | ER60: 0.79 | ES60: 0.79 | ET60: 0.79 | EU60: 0.785 | EV60: 0.785 | EW60: 0.785 | EX60: 0.78 | EY60: 0.78 | EZ60: 0.78 | FA60: 0.78 | FB60: 0.78 | FC60: 0.78 | FD60: 0.83 | FE60: 0.83 | FF60: 0.83 | FG60: 0.83 | FH60: 0.83 | FI60: 0.9 | FJ60: 0.9 | FK60: 0.9 | FL60: 0.9 | FM60: 0.88 | FN60: 0.87 | FO60: 0.86 | FP60: 0.86 | FQ60: 0.845 | FR60: 0.845 | FS60: 0.845 | FT60: 0.845 | FU60: 0.845 | FV60: 0.845 | FW60: 0.845 | FX60: 0.83 | FY60: 0.83 | FZ60: 0.83 | GA60: 0.83 | GB60: 0.83 | GC60: 0.83 | GD60: 0.83 | GE60: 0.83 | GF60: 0.83 | GG60: 0.83 | GH60: 0.83 | GI60: 0.83 | GJ60: 0.83 | GK60: 0.83 | GL60: 0.83
B61: N型双面Topcon 组件（210系列） | C61: 730-745W（66片） | EO61: 0.7 | EP61: 0.688 | EQ61: 0.7 | ER61: 0.7 | ES61: 0.7 | ET61: 0.7 | EU61: 0.7 | EV61: 0.7 | EW61: 0.7 | EX61: 0.69 | EY61: 0.69 | EZ61: 0.69 | FA61: 0.69 | FB61: 0.69 | FC61: 0.69 | FD61: 0.708 | FE61: 0.79 | FF61: 0.82 | FG61: 0.82 | FH61: 0.82 | FI61: 0.86 | FJ61: 0.86 | FK61: 0.86 | FL61: 0.84 | FM61: 0.82 | FN61: 0.792 | FO61: 0.78 | FP61: 0.78 | FQ61: 0.772 | FR61: 0.772 | FS61: 0.772 | FT61: 0.765 | FU61: 0.76 | FV61: 0.76 | FW61: 0.76 | FX61: 0.745 | FY61: 0.745 | FZ61: 0.74 | GA61: 0.735 | GB61: 0.735 | GC61: 0.73 | GD61: 0.73 | GE61: 0.72 | GF61: 0.72 | GG61: 0.72 | GH61: 0.72 | GI61: 0.73
B62: N型双面Topcon 组件（210R系列） | C62: 620-630W（66片） | ER62: 0.685 | ES62: 0.68 | ET62: 0.67 | EU62: 0.67 | EV62: 0.67 | EW62: 0.67 | EX62: 0.66 | EY62: 0.66 | EZ62: 0.66 | FA62: 0.66 | FB62: 0.66 | FC62: 0.68 | FD62: 0.73 | FE62: 0.79 | FF62: 0.82 | FG62: 0.82 | FH62: 0.82 | FI62: 0.86 | FJ62: 0.86 | FK62: 0.86 | FL62: 0.83 | FM62: 0.83 | FN62: 0.795 | FO62: 0.785 | FP62: 0.785 | FQ62: 0.775 | FR62: 0.775 | FS62: 0.775 | FT62: 0.772 | FU62: 0.755 | FV62: 0.755 | FW62: 0.755 | FX62: 0.745 | FY62: 0.745 | FZ62: 0.74 | GA62: 0.73 | GB62: 0.73 | GC62: 0.705 | GD62: 0.705 | GE62: 0.69 | GF62: 0.69 | GG62: 0.69 | GH62: 0.69 | GI62: 0.7 | GJ62: 0.705 | GK62: 0.7 | GL62: 0.7
B63: N型双面Topcon组件（210R系列） | C63: 635-640W （三分片/2.0） | GJ63: 0.755 | GK63: 0.755
B64: N型双面Topcon组件（210R系列） | C64: 645-650W（四分片/3.0） | GJ64: 0.785 | GK64: 0.785

Sheet Sheet1
A3: Year | B3: 2023 | C3: 2023 | D3: 2023 | E3: 2023 | F3: 2023 | G3: 2023 | H3: 2023 | I3: 2023 | J3: 2023 | K3: 2023 | L3: 2023 | M3: 2023 | N3: 2023 | O3: 2023 | P3: 2023 | Q3: 2023 | R3: 2023 | S3: 2023 | T3: 2023 | U3: 2023 | V3: 2023 | W3: 2023 | X3: 2023 | Y3: 2023 | Z3: 2023 | AA3: 2023 | AB3: 2023 | AC3: 2023 | AD3: 2023 | AE3: 2023 | AF3: 2023 | AG3: 2023 | AH3: 2023 | AI3: 2023 | AJ3: 2023 | AK3: 2023 | AL3: 2023 | AM3: 2023 | AN3: 2023 | AO3: 2023 | AP3: 2023 | AQ3: 2023 | AR3: 2023 | AS3: 2023 | AT3: 2023 | AU3: 2023 | AV3: 2023 | AW3: 2023 | AX3: 2023 | AY3: 2023 | AZ3: 2023 | BA3: 2024 | BB3: 2024 | BC3: 2024 | BD3: 2024 | BE3: 2024 | BF3: 2024 | BG3: 2024 | BH3: 2024 | BI3: 2024 | BJ3: 2024 | BK3: 2024 | BL3: 2024 | BM3: 2024 | BN3: 2024 | BO3: 2024 | BP3: 2024 | BQ3: 2024 | BR3: 2024 | BS3: 2024 | BT3: 2024 | BU3: 2024 | BV3: 2024 | BW3: 2024 | BX3: 2024 | BY3: 2024 | BZ3: 2024 | CA3: 2024 | CB3: 2024 | CC3: 2024 | CD3: 2024 | CE3: 2024 | CF3: 2024 | CG3: 2024 | CH3: 2024 | CI3: 2024 | CJ3: 2024 | CK3: 2024 | CL3: 2024 | CM3: 2024 | CN3: 2024 | CO3: 2024 | CP3: 2024 | CQ3: 2024 | CR3: 2024 | CS3: 2024 | CT3: 2024 | CU3: 2024 | CV3: 2024 | CW3: 2024 | CX3: 2025 | CY3: 2025 | CZ3: 2025 | DA3: 2025 | DB3: 2025 | DC3: 2025 | DD3: 2025 | DE3: 2025 | DF3: 2025 | DG3: 2025 | DH3: 2025 | DI3: 2025 | DJ3: 2025 | DK3: 2025 | DL3: 2025 | DM3: 2025 | DN3: 2025 | DO3: 2025 | DP3: 2025 | DQ3: 2025 | DR3: 2025 | DS3: 2025 | DT3: 2025 | DU3: 2025 | DV3: 2025 | DW3: 2025 | DX3: 2025 | DY3: 2025 | DZ3: 2025 | EA3: 2025 | EB3: 2025 | EC3: 2025 | ED3: 2025 | EE3: 2025 | EF3: 2025 | EG3: 2025 | EH3: 2025 | EI3: 2025 | EJ3: 2025 | EK3: 2025 | EL3: 2025 | EM3: 2025 | EN3: 2025 | EO3: 2025 | EP3: 2025 | EQ3: 2025 | ER3: 2025 | ES3: 2025 | ET3: 2025 | EU3: 2025 | EV3: 2025 | EW3: 2026 | EX3: 2026 | EY3: 2026 | EZ3: 2026 | FA3: 2026 | FB3: 2026 | FC3: 2026 | FD3: 2026 | FE3: 2026 | FF3: 2026 | FG3: 2026 | FH3: 2026 | FI3: 2026 | FJ3: 2026 | FK3: 2026 | FL3: 2026 | FM3: 2026 | FN3: 2026 | FO3: 2026 | FP3: 2026 | FQ3: 2026 | FR3: 2026 | FS3: 2026 | FT3: 2026 | FU3: 2026 | FV3: 2026 | FW3: 2026 | FX3: 2026 | FY3: 2026 | FZ3: 2026 | GA3: 2026 | GB3: 2026 | GC3: 2026 | GD3: 2026 | GE3: 2026 | GF3: 2026 | GG3: 2026 | GH3: 2026 | GI3: 2026
A4: Week | B4: 1 | C4: 2 | D4: 3 | E4: 5 | F4: 6 | G4: 7 | H4: 8 | I4: 9 | J4: 10 | K4: 11 | L4: 12 | M4: 13 | N4: 14 | O4: 15 | P4: 16 | Q4: 17 | R4: 18 | S4: 19 | T4: 20 | U4: 21 | V4: 22 | W4: 23 | X4: 24 | Y4: 25 | Z4: 26 | AA4: 27 | AB4: 28 | AC4: 29 | AD4: 30 | AE4: 31 | AF4: 32 | AG4: 33 | AH4: 34 | AI4: 35 | AJ4: 36 | AK4: 37 | AL4: 38 | AM4: 39 | AN4: 40 | AO4: 41 | AP4: 42 | AQ4: 43 | AR4: 44 | AS4: 45 | AT4: 46 | AU4: 47 | AV4: 48 | AW4: 49 | AX4: 50 | AY4: 51 | AZ4: 52 | BA4: 1 | BB4: 2 | BC4: 3 | BD4: 4 | BE4: 5 | BF4: 6 | BG4: 8 | BH4: 9 | BI4: 10 | BJ4: 11 | BK4: 12 | BL4: 13 | BM4: 14 | BN4: 15 | BO4: 16 | BP4: 17 | BQ4: 19 | BR4: 20 | BS4: 21 | BT4: 22 | BU4: 23 | BV4: 24 | BW4: 25 | BX4: 26 | BY4: 27 | BZ4: 28 | CA4: 29 | CB4: 30 | CC4: 31 | CD4: 32 | CE4: 33 | CF4: 34 | CG4: 35 | CH4: 36 | CI4: 37 | CJ4: 38 | CK4: 39 | CL4: 41 | CM4: 42 | CN4: 43 | CO4: 44 | CP4: 45 | CQ4: 46 | CR4: 47 | CS4: 48 | CT4: 49 | CU4: 50 | CV4: 51 | CW4: 52 | CX4: 1 | CY4: 2 | CZ4: 3 | DA4: 4 | DB4: 6 | DC4: 7 | DD4: 8 | DE4: 9 | DF4: 10 | DG4: 11 | DH4: 12 | DI4: 13 | DJ4: 14 | DK4: 15 | DL4: 16 | DM4: 17 | DN4: 18 | DO4: 19 | DP4: 20 | DQ4: 21 | DR4: 22 | DS4: 23 | DT4: 24 | DU4: 25 | DV4: 26 | DW4: 27 | DX4: 28 | DY4: 29 | DZ4: 30 | EA4: 31 | EB4: 32 | EC4: 33 | ED4: 34 | EE4: 35 | EF4: 36 | EG4: 37 | EH4: 38 | EI4: 39 | EJ4: 41 | EK4: 42 | EL4: 43 | EM4: 44 | EN4: 45 | EO4: 46 | EP4: 47 | EQ4: 48 | ER4: 49 | ES4: 50 | ET4: 51 | EU4: 52 | EV4: EoY | EW4: 1 | EX4: 2 | EY4: 3 | EZ4: 4 | FA4: 5 | FB4: 6 | FC4: 8 | FD4: 9 | FE4: 10 | FF4: 11 | FG4: 12 | FH4: 13 | FI4: 14 | FJ4: 15 | FK4: 16 | FL4: 17 | FM4: 18 | FN4: 19 | FO4: 20 | FP4: 21 | FQ4: 22 | FR4: 23 | FS4: 24 | FT4: 25 | FU4: 26 | FV4: 27 | FW4: 28 | FX4: 29 | FY4: 30 | FZ4: 31 | GA4: 32 | GB4: 33 | GC4: 34 | GD4: 35 | GE4: 36 | GF4: 37 | GG4: WoW (%) | GH4: MoM (%) | GI4: YtD (%)
A5: Polysilicon RMB/kg (USD/kg)
A6: N-Type Silicon in China | AB6: 74.5 | AC6: 76 | AD6: 76.3 | AE6: 80 | AF6: 80.2 | AG6: 84 | AH6: 86 | AI6: 90 | AJ6: 92 | AK6: 92 | AL6: 92 | AM6: 92 | AN6: 92 | AO6: 92 | AP6: 85 | AQ6: 75 | AR6: 72 | AS6: 69 | AT6: 68.5 | AU6: 68 | AV6: 67 | AW6: 67 | AX6: 67 | AY6: =Sheet2!BB50 -> 67 | AZ6: =Sheet2!BC50 -> 67 | BA6: =Sheet2!BD50 -> 67 | BB6: =Sheet2!BE50 -> 69.5 | BC6: =Sheet2!BF50 -> 69.5 | BD6: =Sheet2!BG50 -> 69.5 | BE6: =Sheet2!BH50 -> 69.5 | BF6: =Sheet2!BI50 -> 69.5 | ... DH6: =Sheet2!DK50 -> 42 | DI6: 42 | DJ6: =Sheet2!DN50 -> 42 | DK6: =Sheet2!DO50 -> 42 | DL6: =Sheet2!DP50 -> 42 | DM6: =Sheet2!DQ50 -> 39.5 | DN6: =Sheet2!DR50 -> 39.5 | DO6: =Sheet2!DS50 -> 39.5 | DP6: 39.5 | DQ6: =Sheet2!DV50 -> 38.5 | DR6: =Sheet2!DW50 -> 36.5 | DS6: 36.5 | DT6: =Sheet2!DZ50 -> 36.5 | DU6: =Sheet2!EA50 -> 35.5 | DV6: =Sheet2!EB50 -> 35.5 | DW6: =Sheet2!EC50 -> 35.5 | DX6: =Sheet2!ED50 -> 36 | DY6: =Sheet2!EE50 -> 46 | DZ6: =Sheet2!EF50 -> 46 | EA6: =Sheet2!EG50 -> 48 | ... GF6: =Sheet2!GL50 -> 43 | GG6: =((100*GF6)/GE6-100) -> 0 | GH6: =((SUM(GC6:GF6)-SUM(FY6:GB6))/SUM(FY6:GB6))*100 -> 16.153846 | GI6: =100*GF6/EW6-100 -> -18.095238
A7: Reusable Chinese 9N | B7: 210 | C7: 170 | D7: 170 | E7: 208 | F7: 240 | G7: 241 | H7: 241 | I7: 240 | J7: 228 | K7: 220 | L7: 215 | M7: 209 | N7: 201 | O7: 196 | P7: 194 | Q7: 182 | R7: 181 | S7: 161 | T7: 140 | U7: 135 | V7: 120 | W7: 115 | X7: 65 | Y7: 64.8 | Z7: 64 | AA7: 64 | AB7: 64.5 | AC7: 66 | AD7: 68 | AE7: 70.5 | AF7: 71.5 | AG7: 73.5 | AH7: 75 | AI7: 80 | AJ7: 82 | AK7: 82 | AL7: 82 | AM7: 82 | AN7: 82 | AO7: 80 | AP7: 75 | AQ7: 70 | AR7: 65 | AS7: 63.5 | AT7: 63 | AU7: 63 | AV7: 62.5 | AW7: 62.5 | AX7: 61 | AY7: =Sheet2!BB2 -> 61 | AZ7: =Sheet2!BC2 -> 61 | BA7: =Sheet2!BD2 -> 61 | BB7: =Sheet2!BE2 -> 61.5 | BC7: =Sheet2!BF2 -> 61.5 | BD7: =Sheet2!BG2 -> 61.5 | BE7: =Sheet2!BH2 -> 61.5 | BF7: =Sheet2!BI2 -> 61.5 | ... DH7: =Sheet2!DK2 -> 35 | DI7: 35 | DJ7: =Sheet2!DN2 -> 35 | DK7: =Sheet2!DO2 -> 35 | DL7: =Sheet2!DP2 -> 35 | DM7: =Sheet2!DQ2 -> 35 | DN7: =Sheet2!DR2 -> 35 | DO7: =Sheet2!DS2 -> 35 | DP7: 35 | DQ7: =Sheet2!DV2 -> 35 | DR7: =Sheet2!DW2 -> 35 | DS7: 35 | DT7: =Sheet2!DZ2 -> 35 | DU7: =Sheet2!EA2 -> 33.5 | DV7: =Sheet2!EB2 -> 33.5 | DW7: =Sheet2!EC2 -> 33.5 | DX7: =Sheet2!ED2 -> 33.5 | DY7: =Sheet2!EE2 -> 43 | DZ7: =Sheet2!EF2 -> 43 | EA7: =Sheet2!EG2 -> 43 | ... GF7: =Sheet2!GL2 -> 38 | GG7: =((100*GF7)/GE7-100) -> 0 | GH7: =((SUM(GC7:GF7)-SUM(FY7:GB7))/SUM(FY7:GB7))*100 -> 13.333333 | GI7: =100*GF7/EW7-100 -> -12.643678
A8: Chinese 9N | B8: 200 | C8: 162 | D8: 162 | E8: 200 | F8: 237 | G8: 237 | H8: 237 | I8: 234 | J8: 223 | K8: 218 | L8: 212 | M8: 206 | N8: 199 | O8: 194 | P8: 192 | Q8: 180 | R8: 178 | S8: 155 | T8: 138 | U8: 132 | V8: 115 | W8: 110 | X8: 63 | Y8: 62.5 | Z8: 62 | AA8: 62 | AB8: 62 | AC8: 64 | AD8: 65 | AE8: 68 | AF8: 69 | AG8: 71.5 | AH8: 73 | AI8: 77 | AJ8: 77 | AK8: 77 | AL8: 77 | AM8: 77 | AN8: 77 | AO8: 77 | AP8: 72 | AQ8: 65 | AR8: 65 | AS8: 65 | AT8: 65 | AU8: 64 | AV8: 60 | AW8: 60 | AX8: 59.5 | AY8: =Sheet2!BB3 -> 59.5 | AZ8: =Sheet2!BC3 -> 59.5 | BA8: =Sheet2!BD3 -> 59.5 | BB8: =Sheet2!BE3 -> 59.5 | BC8: =Sheet2!BF3 -> 59.5 | BD8: =Sheet2!BG3 -> 59.5 | BE8: =Sheet2!BH3 -> 59.5 | BF8: =Sheet2!BI3 -> 59.5 | ... DH8: =Sheet2!DK3 -> 34 | DI8: 34 | DJ8: =Sheet2!DN3 -> 34 | DK8: =Sheet2!DO3 -> 34 | DL8: =Sheet2!DP3 -> 34 | DM8: =Sheet2!DQ3 -> 34 | DN8: =Sheet2!DR3 -> 34 | DO8: =Sheet2!DS3 -> 34 | DP8: 34 | DQ8: =Sheet2!DV3 -> 34 | DR8: =Sheet2!DW3 -> 34 | DS8: 34 | DT8: =Sheet2!DZ3 -> 34 | DU8: =Sheet2!EA3 -> 32.5 | DV8: =Sheet2!EB3 -> 32.5 | DW8: =Sheet2!EC3 -> 32.5 | DX8: =Sheet2!ED3 -> 32.5 | DY8: =Sheet2!EE3 -> 42 | DZ8: =Sheet2!EF3 -> 42 | EA8: =Sheet2!EG3 -> 42 | ... GF8: =Sheet2!GL3 -> 36 | GG8: =((100*GF8)/GE8-100) -> 0 | GH8: =((SUM(GC8:GF8)-SUM(FY8:GB8))/SUM(FY8:GB8))*100 -> 14.285714 | GI8: =100*GF8/EW8-100 -> -15.294118
A9: Granular silicon | AJ9: 75 | AK9: 75 | AL9: 80 | AM9: 80 | AN9: 78 | AO9: 78 | AP9: 0 | AQ9: 0 | AR9: 62 | AS9: 62 | AT9: 62 | AU9: 62 | AV9: 61 | AW9: 61 | AX9: 61 | AY9: =Sheet2!BB51 -> 61 | AZ9: =Sheet2!BC51 -> 61 | BA9: =Sheet2!BD51 -> 61 | BB9: =Sheet2!BE51 -> 61 | BC9: =Sheet2!BF51 -> 61 | BD9: =Sheet2!BG51 -> 61 | BE9: =Sheet2!BH51 -> 61 | BF9: =Sheet2!BI51 -> 61 | ... DH9: =Sheet2!DK51 -> 39 | DI9: 39 | DJ9: =Sheet2!DN51 -> 39 | DK9: =Sheet2!DO51 -> 39 | DL9: =Sheet2!DP51 -> 39 | DM9: =Sheet2!DQ51 -> 37.5 | DN9: =Sheet2!DR51 -> 37.5 | DO9: =Sheet2!DS51 -> 36.5 | DP9: 35.5 | DQ9: =Sheet2!DV51 -> 35.5 | DR9: =Sheet2!DW51 -> 35.5 | DS9: 35.5 | DT9: =Sheet2!DZ51 -> 35.5 | DU9: =Sheet2!EA51 -> 34 | DV9: =Sheet2!EB51 -> 34 | DW9: =Sheet2!EC51 -> 36 | DX9: =Sheet2!ED51 -> 34 | DY9: =Sheet2!EE51 -> 44 | DZ9: =Sheet2!EF51 -> 44 | EA9: =Sheet2!EG51 -> 45 | ... GF9: =Sheet2!GL51 -> 41 | GG9: =((100*GF9)/GE9-100) -> 0 | GH9: =((SUM(GC9:GF9)-SUM(FY9:GB9))/SUM(FY9:GB9))*100 -> 15.079365 | GI9: =100*GF9/EW9-100 -> -18
A10: Global (USD/kg) | B10: 30 | C10: 28 | D10: 28 | E10: 28 | F10: 35 | G10: 35 | H10: 35 | I10: 35 | J10: 33 | K10: 33 | L10: 33 | M10: 33 | N10: 31 | O10: 30 | P10: 29 | Q10: 27 | R10: 26 | S10: 23.5 | T10: 23 | U10: 22.8 | V10: 21.5 | W10: 21 | X10: 20 | Y10: 20 | Z10: 20 | AA10: 20 | AB10: 20 | AC10: 20 | AD10: 20 | AE10: 20 | AF10: 20 | AG10: 20 | AH10: 20 | AI10: 20 | AJ10: 20 | AK10: 20 | AL10: 20 | AM10: 20 | AN10: 20 | AO10: 20 | AP10: 20 | AQ10: 20 | AR10: 20 | AS10: 20 | AT10: 20 | AU10: 20 | AV10: 20 | AW10: 20 | AX10: 20 | AY10: =Sheet2!BB5 -> 20 | AZ10: =Sheet2!BC5 -> 20 | BA10: =Sheet2!BD5 -> 20 | BB10: =Sheet2!BE5 -> 20 | BC10: =Sheet2!BF5 -> 20 | BD10: =Sheet2!BG5 -> 20 | BE10: =Sheet2!BH5 -> 20 | BF10: =Sheet2!BI5 -> 20 | ... DH10: =Sheet2!DK5 -> 20 | DI10: 20 | DJ10: =Sheet2!DN5 -> 20 | DK10: =Sheet2!DO5 -> 20 | DL10: =Sheet2!DP5 -> 20 | DM10: =Sheet2!DQ5 -> 20 | DN10: =Sheet2!DR5 -> 20 | DO10: =Sheet2!DS5 -> 20 | DP10: 20 | DQ10: =Sheet2!DV5 -> 20 | DR10: =Sheet2!DW5 -> 20 | DS10: 20 | DT10: =Sheet2!DZ5 -> 20 | DU10: =Sheet2!EA5 -> 20 | DV10: =Sheet2!EB5 -> 20 | DW10: =Sheet2!EC5 -> 20 | DX10: =Sheet2!ED5 -> 20 | DY10: =Sheet2!EE5 -> 20 | DZ10: =Sheet2!EF5 -> 20 | EA10: =Sheet2!EG5 -> 20 | ... FH10: =Sheet2!FN5 -> 20 | GI10: =100*GF10/EW10-100 -> -100
A11: Wafer RMB/piece
A12: p-type, 182 mm, 150 µm（下线） | B12: 3.5 | C12: 3.6 | D12: 4.5 | E12: 4.8 | F12: 6.22 | G12: 6.22 | H12: 6.22 | I12: 6.22 | J12: 6.4 | K12: 6.5 | L12: 6.4 | M12: 6.4 | N12: 6.4 | O12: 6.4 | P12: 6.38 | Q12: 6.3 | R12: 5.84 | S12: 5.4 | T12: 4.6 | U12: 4.4 | V12: 4 | W12: 3.6 | X12: 2.8 | Y12: 2.8 | Z12: 2.8 | AA12: 2.75 | AB12: 2.78 | AC12: 2.78 | AD12: 2.9 | AE12: 2.95 | AF12: 2.95 | AG12: 3.15 | AH12: 3.35 | AI12: 3.35 | AJ12: 3.35 | AK12: 3.35 | AL12: 3.35 | AM12: 3.08 | AN12: 2.8 | AO12: 2.75 | AP12: 2.55 | AQ12: 2.4 | AR12: 2.4 | AS12: 2.4 | AT12: 2.35 | AU12: 2.3 | AV12: 2.12 | AW12: 2.12 | AX12: 2.05 | AY12: =Sheet2!BB18 -> 2 | AZ12: =Sheet2!BC18 -> 2 | BA12: =Sheet2!BD18 -> 2 | BB12: =Sheet2!BE18 -> 2 | BC12: =Sheet2!BF18 -> 2.02 | BD12: =Sheet2!BG18 -> 2.02 | BE12: =Sheet2!BH18 -> 2.02 | BF12: =Sheet2!BI18 -> 2.02 | ... DH12: =Sheet2!DK18 -> 1.08 | DI12: 1.08 | DK12: - | DL12: - | DM12: - | EX12: -
A13: p-type 210 mm, 150 µm（下线） | B13: 4.8 | C13: 4.8 | D13: 6.2 | E13: 6.2 | F13: 8.2 | G13: 8.2 | H13: 8.2 | I13: 8.2 | J13: 8.2 | K13: 8.2 | L13: 8.2 | M13: 8.2 | N13: 8.05 | O13: 8.05 | P13: 8.05 | Q13: 8.05 | R13: 7.6 | S13: 7.4 | T13: 6 | U13: 5.8 | V13: 5.1 | W13: 5 | X13: 4 | Y13: 4 | Z13: 4 | AA13: 4 | AB13: 3.77 | AC13: 3.77 | AD13: 3.77 | AE13: 3.92 | AF13: 3.92 | AG13: 4.1 | AH13: 4.35 | AI13: 4.35 | AJ13: 4.35 | AK13: 4.25 | AL13: 4.2 | AM13: 4.02 | AN13: 3.9 | AO13: 3.66 | AP13: 3.45 | AQ13: 3.3 | AR13: 3.3 | AS13: 3.3 | AT13: 3.3 | AU13: 3.3 | AV13: 3.3 | AW13: 3.05 | AX13: 3 | AY13: =Sheet2!BB23 -> 3 | AZ13: =Sheet2!BC23 -> 3 | BA13: =Sheet2!BD23 -> 3 | BB13: =Sheet2!BE23 -> 2.95 | BC13: =Sheet2!BF23 -> 2.95 | BD13: =Sheet2!BG23 -> 2.85 | BE13: =Sheet2!BH23 -> 2.8 | BF13: =Sheet2!BI23 -> 2.8 | ... DH13: =Sheet2!DK23 -> 1.65 | DI13: 1.58 | DK13: - | DL13: - | DM13: - | EX13: -
A14: n-type 210 mm, 150 µm | B14: 6.3 | C14: 5.1 | D14: 5.3 | E14: 5.3 | EX14: -
A15: n-type 210 mm, 130 µm | F15: 8.52 | G15: 8.52 | H15: 8.52 | I15: 8.52 | J15: 8.52 | K15: 8.52 | L15: 8.52 | M15: 8.52 | N15: 8.2 | O15: 8.2 | P15: 8.2 | Q15: 8.2 | R15: 7.74 | S15: 7.6 | T15: 6.8 | U15: 6.7 | V15: 6.2 | W15: 6.1 | X15: 5 | Y15: 5 | Z15: 5 | AA15: 5 | AB15: 3.84 | AC15: 3.84 | AD15: 3.84 | AE15: 3.98 | AF15: 3.98 | AG15: 4.25 | AH15: 4.32 | AI15: 4.32 | AJ15: 4.32 | AK15: 4.32 | AL15: 4.32 | AM15: 4.2 | AN15: 3.95 | AO15: 3.85 | AP15: 3.5 | AQ15: 3.35 | AR15: 3.35 | AS15: 3.35 | AT15: 3.35 | AU15: 3.35 | AV15: 3.35 | AW15: 3.35 | AX15: 3.25 | AY15: =Sheet2!BB49 -> 3.23 | AZ15: =Sheet2!BC49 -> 3.23 | BA15: =Sheet2!BD49 -> 3.23 | BB15: =Sheet2!BE49 -> 3.1 | BC15: =Sheet2!BF49 -> 3.1 | BD15: =Sheet2!BG49 -> 3.08 | BE15: =Sheet2!BH49 -> 3.08 | BF15: =Sheet2!BI49 -> 3.08 | ... DH15: =Sheet2!DK49 -> 1.55 | DI15: 1.55 | DJ15: =Sheet2!DN49 -> 1.58 | DK15: =Sheet2!DO49 -> 1.58 | DL15: =Sheet2!DP49 -> 1.55 | DM15: =Sheet2!DQ49 -> 1.45 | DN15: =Sheet2!DR49 -> 1.45 | DO15: =Sheet2!DS49 -> 1.35 | DP15: 1.3 | DQ15: =Sheet2!DV49 -> 1.3 | DR15: =Sheet2!DW49 -> 1.3 | DS15: 1.3 | DT15: =Sheet2!DZ49 -> 1.3 | DU15: =Sheet2!EA49 -> 1.25 | DV15: =Sheet2!EB49 -> 1.23 | DW15: =Sheet2!EC49 -> 1.23 | DX15: =Sheet2!ED49 -> 1.3 | DY15: =Sheet2!EE49 -> 1.4 | DZ15: =Sheet2!EF49 -> 1.45 | EA15: =Sheet2!EG49 -> 1.55 | ... GF15: =Sheet2!GL49 -> 1.15 | GG15: =((100*GF15)/GE15-100) -> -4.1666667 | GH15: =((SUM(GC15:GF15)-SUM(FY15:GB15))/SUM(FY15:GB15))*100 -> 6.6666667 | GI15: =100*GF15/EW15-100 -> -25.806452
A16: n-type 182 mm, 130 µm | F16: 6.52 | G16: 6.52 | H16: 6.52 | I16: 6.52 | J16: 6.52 | K16: 6.52 | L16: 6.52 | M16: 6.52 | N16: 6.52 | O16: 6.52 | P16: 6.52 | Q16: 6.52 | R16: 5.95 | S16: 5.8 | T16: 5 | U16: 4.9 | V16: 4.5 | W16: 4.15 | X16: 3.5 | Y16: 3.5 | Z16: 3.5 | AA16: 3.5 | AB16: 2.9 | AC16: 2.9 | AD16: 2.9 | AE16: 3.01 | AF16: 3.01 | AG16: 3.2 | AH16: 3.26 | AI16: 3.26 | AJ16: 3.26 | AK16: 3.26 | AL16: 3.26 | AM16: 3.2 | AN16: 3.05 | AO16: 2.9 | AP16: 2.7 | AQ16: 2.55 | AR16: 2.55 | AS16: 2.55 | AT16: 2.55 | AU16: 2.55 | AV16: 2.55 | AW16: 2.55 | AX16: 2.4 | AY16: =Sheet2!BB48 -> 2.3 | AZ16: =Sheet2!BC48 -> 2.3 | BA16: =Sheet2!BD48 -> 2.3 | BB16: =Sheet2!BE48 -> 2.3 | BC16: =Sheet2!BF48 -> 2.2 | BD16: =Sheet2!BG48 -> 2.15 | BE16: =Sheet2!BH48 -> 2.15 | BF16: =Sheet2!BI48 -> 2.15 | ... DH16: =Sheet2!DK48 -> 1.2 | DI16: 1.23 | DJ16: =Sheet2!DN48 -> 1.28 | DK16: =Sheet2!DO48 -> 1.28 | DL16: =Sheet2!DP48 -> 1.28 | DM16: =Sheet2!DQ48 -> 1.15 | DN16: =Sheet2!DR48 -> 1.15 | DO16: =Sheet2!DS48 -> 1.02 | DP16: 0.98 | DQ16: =Sheet2!DV48 -> 0.98 | DR16: =Sheet2!DW48 -> 0.98 | DS16: 0.98 | DT16: =Sheet2!DZ48 -> 0.98 | DU16: =Sheet2!EA48 -> 0.9 | DV16: =Sheet2!EB48 -> 0.86 | DW16: =Sheet2!EC48 -> 0.86 | DX16: =Sheet2!ED48 -> 0.95 | DY16: =Sheet2!EE48 -> 1.05 | DZ16: =Sheet2!EF48 -> 1.1 | EA16: =Sheet2!EG48 -> 1.2 | ... GF16: =Sheet2!GL48 -> 1.02 | GG16: =((100*GF16)/GE16-100) -> -5.5555556 | GH16: =((SUM(GC16:GF16)-SUM(FY16:GB16))/SUM(FY16:GB16))*100 -> 30.909091 | GI16: =100*GF16/EW16-100 -> -18.4
A17: N type wafer-210Rmm(130um) | CI17: =Sheet2!CL54 -> 1.3 | CJ17: =Sheet2!CM54 -> 1.25 | CK17: =Sheet2!CN54 -> 1.3 | CL17: =Sheet2!CO54 -> 1.3 | CM17: =Sheet2!CP54 -> 1.25 | CN17: =Sheet2!CQ54 -> 1.25 | CO17: =Sheet2!CR54 -> 1.25 | CP17: =Sheet2!CS54 -> 1.2 | ... DH17: =Sheet2!DK54 -> 1.4 | DI17: 1.45 | DJ17: =Sheet2!DN54 -> 1.55 | DK17: =Sheet2!DO54 -> 1.53 | DL17: =Sheet2!DP54 -> 1.5 | DM17: =Sheet2!DQ54 -> 1.3 | DN17: =Sheet2!DR54 -> 1.3 | DO17: =Sheet2!DS54 -> 1.15 | DP17: 1.1 | DQ17: =Sheet2!DV54 -> 1.09 | DR17: =Sheet2!DW54 -> 1.08 | DS17: 1.08 | DT17: =Sheet2!DZ54 -> 1.08 | DU17: =Sheet2!EA54 -> 1.03 | DV17: =Sheet2!EB54 -> 1.025 | DW17: =Sheet2!EC54 -> 1.025 | DX17: =Sheet2!ED54 -> 1.1 | DY17: =Sheet2!EE54 -> 1.2 | DZ17: =Sheet2!EF54 -> 1.25 | EA17: =Sheet2!EG54 -> 1.35 | ... GF17: =Sheet2!GL54 -> 1.05 | GG17: =((100*GF17)/GE17-100) -> -2.7777778 | GH17: =((SUM(GC17:GF17)-SUM(FY17:GB17))/SUM(FY17:GB17))*100 -> 18.378378 | GI17: =100*GF17/EW17-100 -> -22.222222
A18: Cells RMB/W
A19: PERC bifacial - p-type, 182 mm(下线） | B19: 0.8 | C19: 0.83 | D19: 0.92 | E19: 0.97 | F19: 1.14 | G19: 1.14 | H19: 1.13 | I19: 1.09 | J19: 1.09 | K19: 1.1 | L19: 1.09 | M19: 1.1 | N19: 1.1 | O19: 1.1 | P19: 1.1 | Q19: 1.1 | R19: 1.09 | S19: 1.04 | T19: 1 | U19: 0.96 | V19: 0.88 | W19: 0.86 | X19: 0.79 | Y19: 0.72 | Z19: 0.71 | AA19: 0.715 | AB19: 0.73 | AC19: 0.735 | AD19: 0.745 | AE19: 0.75 | AF19: 0.755 | AG19: 0.76 | AH19: 0.76 | AI19: 0.76 | AJ19: 0.76 | AK19: 0.75 | AL19: 0.71 | AM19: 0.65 | AN19: 0.61 | AO19: 0.55 | AP19: 0.51 | AQ19: 0.48 | AR19: 0.46 | AS19: 0.46 | AT19: 0.46 | AU19: 0.45 | AV19: 0.43 | AW19: 0.425 | AX19: 0.39 | AY19: =Sheet2!BB29 -> 0.36 | AZ19: =Sheet2!BC29 -> 0.36 | BA19: =Sheet2!BD29 -> 0.39 | BB19: =Sheet2!BE29 -> 0.39 | BC19: =Sheet2!BF29 -> 0.39 | BD19: =Sheet2!BG29 -> 0.39 | BE19: =Sheet2!BH29 -> 0.39 | BF19: =Sheet2!BI29 -> 0.39 | ... DH19: =Sheet2!DK29 -> 0.275 | DI19: 0.275 | DJ19: =Sheet2!DN29 -> 0.275 | DK19: =Sheet2!DO29 -> 0.275 | DL19: =Sheet2!DP29 -> 0.275 | DM19: =Sheet2!DQ29 -> 0.275 | DN19: =Sheet2!DR29 -> 0.275 | DO19: =Sheet2!DS29 -> 0.275 | DP19: 0.27 | DQ19: =Sheet2!DV29 -> 0.27 | DR19: =Sheet2!DW29 -> 0.27 | DS19: 0.27 | DT19: =Sheet2!DZ29 -> 0.27 | DU19: =Sheet2!EA29 -> 0.27 | DV19: =Sheet2!EB29 -> 0.27 | EX19: -
A20: PERC bifacial - p-type, 210 mm(下线） | B20: 0.8 | C20: 0.83 | D20: 0.92 | E20: 0.97 | F20: 1.14 | G20: 1.14 | H20: 1.13 | I20: 1.1 | J20: 1.1 | K20: 1.1 | L20: 1.1 | M20: 1.13 | N20: 1.13 | O20: 1.13 | P20: 1.13 | Q20: 1.13 | R20: 1.13 | S20: 1.1 | T20: 1.06 | U20: 1.02 | V20: 0.9 | W20: 0.9 | X20: 0.83 | Y20: 0.75 | Z20: 0.74 | AA20: 0.74 | AB20: 0.73 | AC20: 0.73 | AD20: 0.73 | AE20: 0.74 | AF20: 0.74 | AG20: 0.74 | AH20: 0.74 | AI20: 0.74 | AJ20: 0.74 | AK20: 0.74 | AL20: 0.72 | AM20: 0.68 | AN20: 0.62 | AO20: 0.6 | AP20: 0.53 | AQ20: 0.53 | AR20: 0.54 | AS20: 0.6 | AT20: 0.6 | AU20: 0.49 | AV20: 0.48 | AW20: 0.44 | AX20: 0.43 | AY20: =Sheet2!BB30 -> 0.42 | AZ20: =Sheet2!BC30 -> 0.42 | BA20: =Sheet2!BD30 -> 0.42 | BB20: =Sheet2!BE30 -> 0.4 | BC20: =Sheet2!BF30 -> 0.39 | BD20: =Sheet2!BG30 -> 0.39 | BE20: =Sheet2!BH30 -> 0.39 | BF20: =Sheet2!BI30 -> 0.39 | ... DH20: =Sheet2!DK30 -> 0.28 | DI20: 0.28 | DJ20: =Sheet2!DN30 -> 0.28 | DK20: =Sheet2!DO30 -> 0.28 | DL20: =Sheet2!DP30 -> 0.28 | DM20: =Sheet2!DQ30 -> 0.28 | DN20: =Sheet2!DR30 -> 0.28 | DO20: =Sheet2!DS30 -> 0.28 | DP20: 0.28 | DQ20: =Sheet2!DV30 -> 0.28 | DR20: =Sheet2!DW30 -> 0.28 | DS20: 0.28 | DT20: =Sheet2!DZ30 -> 0.28 | DU20: =Sheet2!EA30 -> 0.28 | DV20: =Sheet2!EB30 -> 0.28 | EX20: -
A21: TOPCon - n-type, 182 mm | B21: 0.89 | C21: 0.92 | D21: 0.98 | E21: 1.03 | F21: 1.2 | G21: 1.2 | H21: 1.18 | I21: 1.15 | J21: 1.15 | K21: 1.21 | L21: 1.22 | M21: 1.22 | N21: 1.22 | O21: 1.22 | P21: 1.22 | Q21: 1.22 | R21: 1.22 | S21: 1.18 | T21: 1.12 | U21: 1.1 | V21: 0.99 | W21: 0.96 | X21: 0.88 | Y21: 0.83 | Z21: 0.8 | AA21: 0.81 | AB21: 0.79 | AC21: 0.79 | AD21: 0.79 | AE21: 0.8 | AF21: 0.8 | AG21: 0.81 | AH21: 0.81 | AI21: 0.81 | AJ21: 0.81 | AK21: 0.81 | AL21: 0.74 | AM21: 0.68 | AN21: 0.68 | AO21: 0.6 | AP21: 0.58 | AQ21: 0.53 | AR21: 0.5 | AS21: 0.5 | AT21: 0.5 | AU21: 0.49 | AV21: 0.49 | AW21: 0.49 | AX21: 0.48 | AY21: =Sheet2!BB31 -> 0.48 | AZ21: =Sheet2!BC31 -> 0.48 | BA21: =Sheet2!BD31 -> 0.48 | BB21: =Sheet2!BE31 -> 0.48 | BC21: =Sheet2!BF31 -> 0.48 | BD21: =Sheet2!BG31 -> 0.48 | BE21: =Sheet2!BH31 -> 0.48 | BF21: =Sheet2!BI31 -> 0.48 | ... DH21: =Sheet2!DK31 -> 0.3 | DI21: 0.3 | DJ21: =Sheet2!DN31 -> 0.3 | DK21: =Sheet2!DO31 -> 0.3 | DL21: =Sheet2!DP31 -> 0.295 | DM21: =Sheet2!DQ31 -> 0.28 | DN21: =Sheet2!DR31 -> 0.28 | DO21: =Sheet2!DS31 -> 0.268 | DP21: 0.265 | DQ21: =Sheet2!DV31 -> 0.26 | DR21: =Sheet2!DW31 -> 0.255 | DS21: 0.255 | DT21: =Sheet2!DZ31 -> 0.255 | DU21: =Sheet2!EA31 -> 0.24 | DV21: =Sheet2!EB31 -> 0.235 | DW21: =Sheet2!EC31 -> 0.225 | DX21: =Sheet2!ED31 -> 0.23 | DY21: =Sheet2!EE31 -> 0.25 | DZ21: =Sheet2!EF31 -> 0.28 | EA21: =Sheet2!EG31 -> 0.305 | ... GF21: =Sheet2!GL31 -> 0.3 | GG21: =((100*GF21)/GE21-100) -> -3.2258065 | GH21: =((SUM(GC21:GF21)-SUM(FY21:GB21))/SUM(FY21:GB21))*100 -> 2.8688525 | GI21: =100*GF21/EW21-100 -> -18.918919
A22: TOPCon - n-type, 210 mm | AV22: - | AW22: - | AX22: - | AY22: - | AZ22: - | BA22: - | BB22: - | BC22: - | BD22: - | BE22: - | BF22: - | BG22: - | BH22: - | BI22: - | BJ22: - | BK22: - | BL22: - | BM22: - | BN22: - | BO22: - | BP22: - | BQ22: - | BR22: - | BS22: - | BT22: - | BU22: =Sheet2!BX32 -> 0.36 | BV22: =Sheet2!BY32 -> 0.35 | BW22: =Sheet2!BZ32 -> 0.35 | BX22: =Sheet2!CA32 -> 0.35 | BY22: =Sheet2!CB32 -> 0.35 | BZ22: =Sheet2!CC32 -> 0.33 | CA22: =Sheet2!CD32 -> 0.33 | CB22: =Sheet2!CE32 -> 0.32 | ... DH22: =Sheet2!DK32 -> 0.305 | DI22: 0.305 | DJ22: =Sheet2!DN32 -> 0.305 | DK22: =Sheet2!DO32 -> 0.305 | DL22: =Sheet2!DP32 -> 0.3 | DM22: =Sheet2!DQ32 -> 0.29 | DN22: =Sheet2!DR32 -> 0.29 | DO22: =Sheet2!DS32 -> 0.28 | DP22: 0.28 | DQ22: =Sheet2!DV32 -> 0.28 | DR22: =Sheet2!DW32 -> 0.27 | DS22: 0.27 | DT22: =Sheet2!DZ32 -> 0.27 | DU22: =Sheet2!EA32 -> 0.26 | DV22: =Sheet2!EB32 -> 0.255 | DW22: =Sheet2!EC32 -> 0.245 | DX22: =Sheet2!ED32 -> 0.245 | DY22: =Sheet2!EE32 -> 0.255 | DZ22: =Sheet2!EF32 -> 0.275 | EA22: =Sheet2!EG32 -> 0.29 | ... GF22: =Sheet2!GL32 -> 0.295 | GG22: =((100*GF22)/GE22-100) -> -4.8387097 | GH22: =((SUM(GC22:GF22)-SUM(FY22:GB22))/SUM(FY22:GB22))*100 -> 2.5104603 | GI22: =100*GF22/EW22-100 -> -22.368421
A23: Bifacial 210Rmm Topcon cell(above 24.3% ) | CI23: =Sheet2!CL55 -> 0.29 | CJ23: =Sheet2!CM55 -> 0.28 | CK23: =Sheet2!CN55 -> 0.285 | CL23: =Sheet2!CO55 -> 0.285 | CM23: =Sheet2!CP55 -> 0.285 | CN23: =Sheet2!CQ55 -> 0.285 | CO23: =Sheet2!CR55 -> 0.285 | CP23: =Sheet2!CS55 -> 0.285 | ... DH23: =Sheet2!DK55 -> 0.35 | DI23: 0.34 | DJ23: =Sheet2!DN55 -> 0.34 | DK23: =Sheet2!DO55 -> 0.33 | DL23: =Sheet2!DP55 -> 0.295 | DM23: =Sheet2!DQ55 -> 0.28 | DN23: =Sheet2!DR55 -> 0.28 | DO23: =Sheet2!DS55 -> 0.268 | DP23: 0.265 | DQ23: =Sheet2!DV55 -> 0.26 | DR23: =Sheet2!DW55 -> 0.26 | DS23: 0.26 | DT23: =Sheet2!DZ55 -> 0.26 | DU23: =Sheet2!EA55 -> 0.26 | DV23: =Sheet2!EB55 -> 0.255 | DW23: =Sheet2!EC55 -> 0.245 | DX23: =Sheet2!ED55 -> 0.245 | DY23: =Sheet2!EE55 -> 0.262 | DZ23: =Sheet2!EF55 -> 0.275 | EA23: =Sheet2!EG55 -> 0.29 | ... GF23: =Sheet2!GL55 -> 0.315 | GG23: =((100*GF23)/GE23-100) -> 5 | GH23: =((SUM(GC23:GF23)-SUM(FY23:GB23))/SUM(FY23:GB23))*100 -> 1.1608624 | GI23: =100*GF23/EW23-100 -> -14.864865
A24: Modules RMB/W
A25: PERC monofacial - p-type, 182 mm (540-550W)/(420-495W) | B25: 1.83 | C25: 1.79 | D25: 1.79 | E25: 1.79 | F25: 1.79 | G25: 1.78 | H25: 1.78 | I25: 1.76 | J25: 1.76 | K25: 1.76 | L25: 1.74 | M25: 1.73 | N25: 1.73 | O25: 1.73 | P25: 1.73 | Q25: 1.71 | R25: 1.71 | S25: 1.68 | T25: 1.62 | U25: 1.62 | V25: 1.6 | W25: 1.57 | X25: 1.4 | Y25: 1.38 | Z25: 1.375 | AA25: 1.36 | AB25: 1.33 | AC25: 1.31 | AD25: 1.31 | AE25: 1.27 | AF25: 1.27 | AG25: 1.27 | AH25: 1.27 | AI25: 1.27 | AJ25: 1.27 | AK25: 1.255 | AL25: 1.22 | AM25: 1.16 | AN25: 1.13 | AO25: 1.1 | AP25: 1.08 | AQ25: 1.02 | AR25: 1 | AS25: 1 | AT25: 0.98 | AU25: 0.98 | AV25: 0.93 | AW25: 0.92 | AX25: 0.88 | AY25: =Sheet2!BB37 -> 0.87 | AZ25: =Sheet2!BC37 -> 0.87 | BA25: =Sheet2!BD37 -> 0.87 | BB25: =Sheet2!BE37 -> 0.86 | BC25: =Sheet2!BF37 -> 0.86 | BD25: =Sheet2!BG37 -> 0.86 | BE25: =Sheet2!BH37 -> 0.86 | BF25: =Sheet2!BI37 -> 0.86 | ... DH25: =Sheet2!DK37 -> 0.65 | DI25: 0.65 | DJ25: =Sheet2!DN37 -> 0.65 | DK25: =Sheet2!DO37 -> 0.65 | DL25: =Sheet2!DP37 -> 0.65 | DM25: =Sheet2!DQ37 -> 0.65 | DN25: =Sheet2!DR37 -> 0.65 | DO25: =Sheet2!DS37 -> 0.65 | DP25: 0.65 | DQ25: =Sheet2!DV37 -> 0.65 | DR25: =Sheet2!DW37 -> 0.65 | DS25: 0.65 | DT25: =Sheet2!DZ37 -> 0.65 | DU25: =Sheet2!EA37 -> 0.65 | DV25: =Sheet2!EB37 -> 0.65 | DW25: =Sheet2!EC37 -> 0.65 | DX25: =Sheet2!ED37 -> 0.65 | DY25: =Sheet2!EE37 -> 0.65 | DZ25: =Sheet2!EF37 -> 0.65 | EA25: =Sheet2!EG37 -> 0.65 | ... EH25: =Sheet2!EN37 -> 0.65 | EX25: -
A26: PERC bifacial - p-type, 182 mm, 72 cells (540-550W)/(420-495W) | B26: 1.85 | C26: 1.81 | D26: 1.81 | E26: 1.81 | F26: 1.81 | G26: 1.8 | H26: 1.8 | I26: 1.78 | J26: 1.78 | K26: 1.78 | L26: 1.76 | M26: 1.75 | N26: 1.75 | O26: 1.75 | P26: 1.75 | Q26: 1.73 | R26: 1.73 | S26: 1.7 | T26: 1.65 | U26: 1.65 | V26: 1.62 | W26: 1.59 | X26: 1.42 | Y26: 1.4 | Z26: 1.395 | AA26: 1.39 | AB26: 1.355 | AC26: 1.33 | AD26: 1.33 | AE26: 1.28 | AF26: 1.28 | AG26: 1.28 | AH26: 1.28 | AI26: 1.28 | AJ26: 1.28 | AK26: 1.265 | AL26: 1.24 | AM26: 1.18 | AN26: 1.15 | AO26: 1.12 | AP26: 1.1 | AQ26: 1.05 | AR26: 1.04 | AS26: 1.04 | AT26: 1.03 | AU26: 1.03 | AV26: 0.95 | AW26: 0.94 | AX26: 0.92 | AY26: =Sheet2!BB38 -> 0.91 | AZ26: =Sheet2!BC38 -> 0.91 | BA26: =Sheet2!BD38 -> 0.91 | BB26: =Sheet2!BE38 -> 0.89 | BC26: =Sheet2!BF38 -> 0.89 | BD26: =Sheet2!BG38 -> 0.89 | BE26: =Sheet2!BH38 -> 0.89 | BF26: =Sheet2!BI38 -> 0.89 | ... DH26: =Sheet2!DK38 -> 0.665 | DI26: 0.665 | DJ26: =Sheet2!DN38 -> 0.665 | DK26: =Sheet2!DO38 -> 0.665 | DL26: =Sheet2!DP38 -> 0.665 | DM26: =Sheet2!DQ38 -> 0.665 | DN26: =Sheet2!DR38 -> 0.665 | DO26: =Sheet2!DS38 -> 0.665 | DP26: 0.665 | DQ26: =Sheet2!DV38 -> 0.665 | DR26: =Sheet2!DW38 -> 0.665 | DS26: 0.665 | DT26: =Sheet2!DZ38 -> 0.665 | DU26: =Sheet2!EA38 -> 0.665 | DV26: =Sheet2!EB38 -> 0.665 | DW26: =Sheet2!EC38 -> 0.665 | DX26: =Sheet2!ED38 -> 0.665 | DY26: =Sheet2!EE38 -> 0.665 | DZ26: =Sheet2!EF38 -> 0.665 | EA26: =Sheet2!EG38 -> 0.665 | ... EH26: =Sheet2!EN38 -> 0.665 | EX26: -
A27: PERC bifacial - p-type, 210 mm, 55 cells (540-550W) | B27: 1.85 | C27: 1.81 | D27: 1.81 | E27: 1.81 | F27: 1.81 | G27: 1.8 | H27: 1.8 | I27: 1.78 | J27: 1.78 | K27: 1.78 | L27: 1.76 | M27: 1.75 | N27: 1.75 | O27: 1.75 | P27: 1.75 | Q27: 1.73 | R27: 1.73 | S27: 1.7 | T27: 1.66 | U27: 1.66 | V27: 1.63 | W27: 1.61 | X27: 1.44 | Y27: 1.42 | Z27: 1.415 | AA27: 1.41 | AB27: 1.36 | AC27: 1.33 | AD27: 1.33 | AE27: 1.28 | AF27: 1.28 | AG27: 1.28 | AH27: 1.28 | AI27: 1.28 | AJ27: 1.28 | AK27: 1.265 | AL27: 1.24 | AM27: 1.18 | AN27: 1.15 | AO27: 1.14 | AP27: 1.12 | AQ27: 1.05 | AR27: 1.04 | AS27: 1.13 | AT27: 1.13 | AU27: 1.13 | AV27: 0.98 | AW27: 0.96 | AX27: 0.94 | AY27: =Sheet2!BB39 -> 0.93 | AZ27: =Sheet2!BC39 -> 0.93 | BA27: =Sheet2!BD39 -> 0.93 | BB27: =Sheet2!BE39 -> 0.92 | BC27: =Sheet2!BF39 -> 0.92 | BD27: =Sheet2!BG39 -> 0.92 | BE27: =Sheet2!BH39 -> 0.92 | BF27: =Sheet2!BI39 -> 0.92 | ... DH27: =Sheet2!DK39 -> 0.67 | DI27: 0.67 | DJ27: =Sheet2!DN39 -> 0.67 | DK27: =Sheet2!DO39 -> 0.67 | DL27: =Sheet2!DP39 -> 0.67 | DM27: =Sheet2!DQ39 -> 0.67 | DN27: =Sheet2!DR39 -> 0.67 | DO27: =Sheet2!DS39 -> 0.67 | DP27: 0.67 | DQ27: =Sheet2!DV39 -> 0.67 | DR27: =Sheet2!DW39 -> 0.67 | DS27: 0.67 | DT27: =Sheet2!DZ39 -> 0.67 | DU27: =Sheet2!EA39 -> 0.67 | DV27: =Sheet2!EB39 -> 0.67 | DW27: =Sheet2!EC39 -> 0.67 | DX27: =Sheet2!ED39 -> 0.67 | DY27: =Sheet2!EE39 -> 0.67 | DZ27: =Sheet2!EF39 -> 0.67 | EA27: =Sheet2!EG39 -> 0.67 | ... EH27: =Sheet2!EN39 -> 0.67 | EX27: - | GP27: l
A28: TOPCon bifacial - n-type, 182 mm, 72 cells (580-590W) | B28: 1.92 | C28: 1.87 | D28: 1.87 | E28: 1.87 | F28: 1.87 | G28: 1.87 | H28: 1.85 | I28: 1.85 | J28: 1.85 | K28: 1.85 | L28: 1.85 | M28: 1.85 | N28: 1.85 | O28: 1.85 | P28: 1.85 | Q28: 1.83 | R28: 1.83 | S28: 1.78 | T28: 1.74 | U28: 1.74 | V28: 1.7 | W28: 1.69 | X28: 1.5 | Y28: 1.48 | Z28: 1.455 | AA28: 1.455 | AB28: 1.397 | AC28: 1.38 | AD28: 1.38 | AE28: 1.33 | AF28: 1.33 | AG28: 1.33 | AH28: 1.33 | AI28: 1.33 | AJ28: 1.33 | AK28: 1.33 | AL28: 1.28 | AM28: 1.24 | AN28: 1.18 | AO28: 1.17 | AP28: 1.15 | AQ28: 1.13 | AR28: 1.1 | AS28: 1.1 | AT28: 1.09 | AU28: 1.09 | AV28: 1.03 | AW28: 1.03 | AX28: 1.02 | AY28: =Sheet2!BB40 -> 1.02 | AZ28: =Sheet2!BC40 -> 1.02 | BA28: =Sheet2!BD40 -> 1.02 | BB28: =Sheet2!BE40 -> 1.02 | BC28: =Sheet2!BF40 -> 0.96 | BD28: =Sheet2!BG40 -> 0.96 | BE28: =Sheet2!BH40 -> 0.96 | BF28: =Sheet2!BI40 -> 0.96 | ... DH28: =Sheet2!DK40 -> 0.72 | DI28: 0.75 | DJ28: =Sheet2!DN40 -> 0.75 | DK28: =Sheet2!DO40 -> 0.75 | DL28: =Sheet2!DP40 -> 0.73 | DM28: =Sheet2!DQ40 -> 0.73 | DN28: =Sheet2!DR40 -> 0.715 | DO28: =Sheet2!DS40 -> 0.705 | DP28: 0.685 | DQ28: =Sheet2!DV40 -> 0.685 | DR28: =Sheet2!DW40 -> 0.68 | DS28: 0.68 | DT28: =Sheet2!DZ40 -> 0.68 | DU28: =Sheet2!EA40 -> 0.68 | DV28: =Sheet2!EB40 -> 0.67 | DW28: =Sheet2!EC40 -> 0.67 | DX28: =Sheet2!ED40 -> 0.67 | DY28: =Sheet2!EE40 -> 0.675 | DZ28: =Sheet2!EF40 -> 0.7 | EA28: =Sheet2!EG40 -> 0.7 | ... GC28: =Sheet2!GI40 -> 0.66 | GH28: =((SUM(GC28:GF28)-SUM(FY28:GB28))/SUM(FY28:GB28))*100 -> -74.566474 | GI28: =100*GF28/EW28-100 -> -100
A29: TOPCon bifacial - n-type, 210 mm, 60 cells (620-630W) | BC29: =Sheet2!BF52 -> 0.96 | BD29: =Sheet2!BG52 -> 0.96 | BE29: =Sheet2!BH52 -> 0.96 | BF29: =Sheet2!BI52 -> 0.96 | BG29: =Sheet2!BJ52 -> 0.96 | BH29: =Sheet2!BK52 -> 0.96 | BI29: =Sheet2!BL52 -> 0.96 | BJ29: =Sheet2!BM52 -> 0.96 | ... DH29: =Sheet2!DK52 -> 0.725 | DI29: 0.75 | DJ29: =Sheet2!DN52 -> 0.75 | DK29: =Sheet2!DO52 -> 0.75 | DL29: =Sheet2!DP52 -> 0.72 | DM29: =Sheet2!DQ52 -> 0.72 | DN29: =Sheet2!DR52 -> 0.71 | DO29: =Sheet2!DS52 -> 0.695 | DP29: 0.675 | DQ29: =Sheet2!DV52 -> 0.675 | DR29: =Sheet2!DW52 -> 0.67 | DS29: 0.67 | DT29: =Sheet2!DZ52 -> 0.67 | DU29: =Sheet2!EA52 -> 0.67 | DV29: =Sheet2!EB52 -> 0.67 | DW29: =Sheet2!EC52 -> 0.67 | DX29: =Sheet2!ED52 -> 0.67 | DY29: =Sheet2!EE52 -> 0.678 | DZ29: =Sheet2!EF52 -> 0.7 | EA29: =Sheet2!EG52 -> 0.7 | ... GF29: =Sheet2!GL52 -> 0.705 | GG29: =((100*GF29)/GE29-100) -> 0 | GH29: =((SUM(GC29:GF29)-SUM(FY29:GB29))/SUM(FY29:GB29))*100 -> 2.5454545 | GI29: =100*GF29/EW29-100 -> 2.173913
A30: TOPCon bifacial - n-type, 210 mm, 60 cells (710-735W) | EI30: =Sheet2!EO61 -> 0.7 | EJ30: =Sheet2!EP61 -> 0.688 | EK30: =Sheet2!EQ61 -> 0.7 | EL30: =Sheet2!ER61 -> 0.7 | EM30: =Sheet2!ES61 -> 0.7 | EN30: =Sheet2!ET61 -> 0.7 | EO30: =Sheet2!EU61 -> 0.7 | EP30: =Sheet2!EV61 -> 0.7 | ... GC30: =Sheet2!GI61 -> 0.73 | GH30: =((SUM(GC30:GF30)-SUM(FY30:GB30))/SUM(FY30:GB30))*100 -> -74.652778 | GI30: =100*GF30/EW30-100 -> -100
A31: 210mm HJT Module (615-635W) | BG31: =Sheet2!BJ53 -> 1.1 | BH31: =Sheet2!BK53 -> 1.1 | BI31: =Sheet2!BL53 -> 1.1 | BJ31: =Sheet2!BM53 -> 1.1 | BK31: =Sheet2!BN53 -> 1.05 | BL31: =Sheet2!BO53 -> 1.05 | BM31: =Sheet2!BP53 -> 1.05 | BN31: =Sheet2!BQ53 -> 1.05 | ... DH31: =Sheet2!DK53 -> 0.75 | DI31: 0.795 | DJ31: =Sheet2!DN53 -> 0.795 | DK31: =Sheet2!DO53 -> 0.795 | DL31: =Sheet2!DP53 -> 0.76 | DM31: =Sheet2!DQ53 -> 0.76 | DN31: =Sheet2!DR53 -> 0.76 | DO31: =Sheet2!DS53 -> 0.76 | DP31: 0.755 | DQ31: =Sheet2!DV53 -> 0.755 | DR31: =Sheet2!DW53 -> 0.755 | DS31: 0.755 | DT31: =Sheet2!DZ53 -> 0.755 | DU31: =Sheet2!EA53 -> 0.755 | EX31: -
A32: 210mm HJT Module (715-730W) | DU32: =Sheet2!EA60 -> 0.78 | DV32: =Sheet2!EB60 -> 0.78 | DW32: =Sheet2!EC60 -> 0.78 | DX32: =Sheet2!ED60 -> 0.78 | DY32: =Sheet2!EE60 -> 0.78 | DZ32: =Sheet2!EF60 -> 0.785 | EA32: =Sheet2!EG60 -> 0.785 | EB32: =Sheet2!EH60 -> 0.79 | ... GF32: =Sheet2!GL60 -> 0.83 | GG32: =((100*GF32)/GE32-100) -> 0 | GH32: =((SUM(GC32:GF32)-SUM(FY32:GB32))/SUM(FY32:GB32))*100 -> 0 | GI32: =100*GF32/EW32-100 -> 6.4102564
A33: BC Module (650-675W) | DI33: 0.87 | DJ33: =Sheet2!DN57 -> 0.87 | DK33: =Sheet2!DO57 -> 0.87 | DL33: =Sheet2!DP57 -> 0.87 | DM33: =Sheet2!DQ57 -> 0.83 | DN33: =Sheet2!DR57 -> 0.83 | DO33: =Sheet2!DS57 -> 0.83 | DP33: 0.78 | DQ33: =Sheet2!DV57 -> 0.78 | DR33: =Sheet2!DW57 -> 0.78 | DS33: 0.78 | DT33: =Sheet2!DZ57 -> 0.78 | DU33: =Sheet2!EA57 -> 0.78 | DV33: =Sheet2!EB57 -> 0.78 | DW33: =Sheet2!EC57 -> 0.78 | DX33: =Sheet2!ED57 -> 0.78 | DY33: =Sheet2!EE57 -> 0.78 | DZ33: =Sheet2!EF57 -> 0.79 | EA33: =Sheet2!EG57 -> 0.79 | ... GF33: =Sheet2!GL57 -> 0.81 | GG33: =((100*GF33)/GE33-100) -> -2.4096386 | GH33: =((SUM(GC33:GF33)-SUM(FY33:GB33))/SUM(FY33:GB33))*100 -> -0.60240964 | GI33: =100*GF33/EW33-100 -> 6.5789474
A34: BC Module (640-670W) 210R | DI34: 0.805 | DJ34: =Sheet2!DN58 -> 0.805 | DK34: =Sheet2!DO58 -> 0.805 | DL34: =Sheet2!DP58 -> 0.805 | DM34: =Sheet2!DQ58 -> 0.8 | DN34: =Sheet2!DR58 -> 0.8 | DO34: =Sheet2!DS58 -> 0.8 | DP34: 0.76 | DQ34: =Sheet2!DV58 -> 0.76 | DR34: =Sheet2!DW58 -> 0.76 | DS34: 0.76 | DT34: =Sheet2!DZ58 -> 0.76 | DU34: =Sheet2!EA58 -> 0.76 | DV34: =Sheet2!EB58 -> 0.76 | DW34: =Sheet2!EC58 -> 0.76 | DX34: =Sheet2!ED58 -> 0.76 | DY34: =Sheet2!EE58 -> 0.76 | DZ34: =Sheet2!EF58 -> 0.76 | EA34: =Sheet2!EG58 -> 0.76 | ... GF34: =Sheet2!GL58 -> 0.78 | GG34: =((100*GF34)/GE34-100) -> -1.2658228 | GH34: =((SUM(GC34:GF34)-SUM(FY34:GB34))/SUM(FY34:GB34))*100 -> -0.3164557 | GI34: =100*GF34/EW34-100 -> 4
A35: TOPCon bifacial - n-type, 210R, 60 Cell (610-635W) | EL35: =Sheet2!ER62 -> 0.685 | EM35: =Sheet2!ES62 -> 0.68 | EN35: =Sheet2!ET62 -> 0.67 | EO35: =Sheet2!EU62 -> 0.67 | EP35: =Sheet2!EV62 -> 0.67 | EQ35: =Sheet2!EW62 -> 0.67 | ER35: =Sheet2!EX62 -> 0.66 | ES35: =Sheet2!EY62 -> 0.66 | ... GF35: =Sheet2!GL62 -> 0.7 | GG35: =((100*GF35)/GE35-100) -> 0 | GH35: =((SUM(GC35:GF35)-SUM(FY35:GB35))/SUM(FY35:GB35))*100 -> 1.6304348 | GI35: =100*GF35/EW35-100 -> 2.9411765
A36: China Project Price (≥615W) | DU36: =Sheet2!EA56 -> 0.68 | DV36: =Sheet2!EB56 -> 0.68 | DW36: =Sheet2!EC56 -> 0.68 | DX36: =Sheet2!ED56 -> 0.68 | DY36: =Sheet2!EE56 -> 0.685 | DZ36: =Sheet2!EF56 -> 0.705 | EA36: =Sheet2!EG56 -> 0.705 | EB36: =Sheet2!EH56 -> 0.72 | ... GF36: =Sheet2!GL56 -> 0.67 | GG36: =((100*GF36)/GE36-100) -> 0 | GH36: =((SUM(GC36:GF36)-SUM(FY36:GB36))/SUM(FY36:GB36))*100 -> -2.3339318 | GI36: =100*GF36/EW36-100 -> 1.5151515
A37: China Project Price (≥630W) | DR37: 0.68 | DS37: 0.69 | DT37: =Sheet2!DZ59 -> 0.69 | DU37: =Sheet2!EA59 -> 0.69 | DV37: =Sheet2!EB59 -> 0.69 | DW37: =Sheet2!EC59 -> 0.69 | DX37: =Sheet2!ED59 -> 0.69 | DY37: =Sheet2!EE59 -> 0.695 | DZ37: =Sheet2!EF59 -> 0.7 | EA37: =Sheet2!EG59 -> 0.7 | ... GF37: =Sheet2!GL59 -> 0.725 | GG37: =((100*GF37)/GE37-100) -> 0 | GH37: =((SUM(GC37:GF37)-SUM(FY37:GB37))/SUM(FY37:GB37))*100 -> 0 | GI37: =100*GF37/EW37-100 -> 5.8394161
A38: China Project Price (≥630W) | DU38: =Sheet2!EA42 -> 0.66 | DV38: =Sheet2!EB42 -> 0.66 | DW38: =Sheet2!EC42 -> 0.66 | DX38: =Sheet2!ED42 -> 0.66 | DY38: =Sheet2!EE42 -> 0.66 | DZ38: =Sheet2!EF42 -> 0.66 | EA38: =Sheet2!EG42 -> 0.66 | EB38: =Sheet2!EH42 -> 0.66 | ... GF38: =Sheet2!GL42 -> 0.72 | GG38: =((100*GF38)/GE38-100) -> 0 | GH38: =((SUM(GC38:GF38)-SUM(FY38:GB38))/SUM(FY38:GB38))*100 -> 0 | GI38: =100*GF38/EW38-100 -> 5.8823529
A39: Solar Glass RMB/m2
A40: 3.2 mm | B40: 27.5 | C40: 26.5 | D40: 26.5 | E40: 26.5 | F40: 26.5 | G40: 26.5 | H40: 26.5 | I40: 26.5 | J40: 26.5 | K40: 27 | L40: 25 | M40: 25 | N40: 25 | O40: 25 | P40: 25 | Q40: 25 | R40: 25 | S40: 25 | T40: 25 | U40: 25 | V40: 25 | W40: 25 | X40: 25 | Y40: 25 | Z40: 25 | AA40: 25 | AB40: 25 | AC40: 25 | AD40: 25 | AE40: 25.5 | AF40: 25.5 | AG40: 25.5 | AH40: 25.5 | AI40: 28 | AJ40: 28 | AK40: 28 | AL40: 28 | AM40: 28 | AN40: 28 | AO40: 28 | AP40: 28 | AQ40: 28 | AR40: 28 | AS40: 28 | AT40: 28 | AU40: 28 | AV40: 28 | AW40: 28 | AX40: 28 | AY40: =Sheet2!BB46 -> 28 | AZ40: =Sheet2!BC46 -> 28 | BA40: =Sheet2!BD46 -> 28 | BB40: =Sheet2!BE46 -> 28 | BC40: =Sheet2!BF46 -> 28 | BD40: =Sheet2!BG46 -> 28 | BE40: =Sheet2!BH46 -> 28 | BF40: =Sheet2!BI46 -> 28 | ... DH40: =Sheet2!DK46 -> 20 | DI40: 23 | DJ40: =Sheet2!DN46 -> 23.5 | DK40: =Sheet2!DO46 -> 23.5 | DL40: =Sheet2!DP46 -> 23.5 | DM40: =Sheet2!DQ46 -> 23.5 | DN40: =Sheet2!DR46 -> 23.5 | DO40: =Sheet2!DS46 -> 23.5 | DP40: 23 | DQ40: =Sheet2!DV46 -> 22.5 | DR40: =Sheet2!DW46 -> 22.5 | DS40: 22.5 | DT40: =Sheet2!DZ46 -> 22.5 | DU40: =Sheet2!EA46 -> 22.5 | DV40: =Sheet2!EB46 -> 20 | DW40: =Sheet2!EC46 -> 20 | DX40: =Sheet2!ED46 -> 20 | DY40: =Sheet2!EE46 -> 20 | DZ40: =Sheet2!EF46 -> 20 | EA40: =Sheet2!EG46 -> 20 | ... GF40: =Sheet2!GL46 -> 18.5 | GG40: =((100*GF40)/GE40-100) -> 0 | GH40: =((SUM(GC40:GF40)-SUM(FY40:GB40))/SUM(FY40:GB40))*100 -> 0 | GI40: =100*GF40/EW40-100 -> -7.5
A41: 2.0 mm | B41: 21 | C41: 20 | D41: 20 | E41: 20 | F41: 20 | G41: 20 | H41: 20 | I41: 20 | J41: 20 | K41: 20 | L41: 18.5 | M41: 18.5 | N41: 18.5 | O41: 18.5 | P41: 18.5 | Q41: 18.5 | R41: 18.5 | S41: 18.5 | T41: 18.5 | U41: 18.5 | V41: 18.5 | W41: 18.5 | X41: 18.5 | Y41: 18.5 | Z41: 18.5 | AA41: 18.5 | AB41: 18.5 | AC41: 18.5 | AD41: 18.5 | AE41: 18.5 | AF41: 18.5 | AG41: 18.5 | AH41: 18.5 | AI41: 20 | AJ41: 20 | AK41: 20 | AL41: 20 | AM41: 20 | AN41: 20 | AO41: 20 | AP41: 20 | AQ41: 20 | AR41: 20 | AS41: 20 | AT41: 20 | AU41: 20 | AV41: 20 | AW41: 20 | AX41: 20 | AY41: =Sheet2!BB47 -> 20 | AZ41: =Sheet2!BC47 -> 20 | BA41: =Sheet2!BD47 -> 20 | BB41: =Sheet2!BE47 -> 20 | BC41: =Sheet2!BF47 -> 20 | BD41: =Sheet2!BG47 -> 20 | BE41: =Sheet2!BH47 -> 20 | BF41: =Sheet2!BI47 -> 20 | ... DH41: =Sheet2!DK47 -> 13 | DI41: 13.5 | DJ41: =Sheet2!DN47 -> 14 | DK41: =Sheet2!DO47 -> 14.5 | DL41: =Sheet2!DP47 -> 14.5 | DM41: =Sheet2!DQ47 -> 14.5 | DN41: =Sheet2!DR47 -> 14.5 | DO41: =Sheet2!DS47 -> 14.5 | DP41: 14.2 | DQ41: =Sheet2!DV47 -> 14 | DR41: =Sheet2!DW47 -> 14 | DS41: 14 | DT41: =Sheet2!DZ47 -> 14 | DU41: =Sheet2!EA47 -> 14 | DV41: =Sheet2!EB47 -> 12 | DW41: =Sheet2!EC47 -> 12 | DX41: =Sheet2!ED47 -> 12 | DY41: =Sheet2!EE47 -> 12 | DZ41: =Sheet2!EF47 -> 12 | EA41: =Sheet2!EG47 -> 12 | ... GF41: =Sheet2!GL47 -> 11.5 | GG41: =((100*GF41)/GE41-100) -> 0 | GH41: =((SUM(GC41:GF41)-SUM(FY41:GB41))/SUM(FY41:GB41))*100 -> 0 | GI41: =100*GF41/EW41-100 -> -14.814815
A42: The data was collected by Chinese market research firm Gessey Information Technology Co. Ltd. More details about prices from individual companies and analysis is available for paid subscription from Gessey (pvpriceindex@gessey.info)
A43: Disclaimer: TaiyangNews does not guarantee reliability, accuracy or completeness of this price index' content. TaiyangNews does not accept responsibility or liability for any errors in this work.
A44: On July 2nd, PERC bifacial - p-type, 182 mm and PERC bifacial - p-type, 210 mm came off the production line.
A45: September 24, PERC monofacial - p-type, 182 mm(540-555W)/(420-495W)、PERC bifacial - p-type, 182 mm, 72 cells(540-555W)、PERC bifacial - p-type, 210 mm, 72 cells(610-700W) offline
A46: On April 8, global polysilicon production came offline.

Sheet Table
B2: TaiyangNews PV Price Index - from polysilicon to solar modules: CW 37/2026
B3: =Sheet1!A3 -> Year | C3: =Sheet1!#REF! -> #REF! | D3: =Sheet1!#REF! -> #REF! | E3: 2023 | AG3: 2024 | AH3: 2024 | AI3: 2024 | AJ3: 2024 | AK3: 2024 | AL3: 2024 | AM3: 2024 | AN3: 2024 | AO3: 2024 | AP3: 2024 | AQ3: 2024 | AR3: 2024 | AS3: 2024 | AT3: 2024 | AU3: 2024 | AV3: 2024 | AW3: 2024 | AX3: 2024 | AY3: 2024 | AZ3: 2024 | BA3: 2024 | BB3: 2024 | BC3: 2024 | BD3: 2024 | BE3: 2024 | BF3: 2024 | BG3: 2024 | BH3: 2024 | BI3: 2024 | BJ3: 2024 | BK3: 2024 | BL3: 2024 | BM3: 2024 | BN3: 2024 | BO3: 2024 | BP3: 2024 | BQ3: 2024 | BR3: 2024 | BS3: 2024 | BT3: 2024 | BU3: 2024 | BV3: 2024 | BW3: 2024 | BX3: 2024 | BY3: 2024 | BZ3: 2024 | CA3: 2024 | CB3: 2024 | CC3: 2024 | CD3: 2024 | CE3: 2025 | CF3: 2025 | CG3: 2025 | CH3: 2025 | CI3: 2025 | CJ3: =Sheet1!DC3 -> 2025 | CK3: =Sheet1!DD3 -> 2025 | CL3: =Sheet1!DE3 -> 2025 | CM3: =Sheet1!DF3 -> 2025 | CN3: =Sheet1!DG3 -> 2025 | CO3: =Sheet1!DH3 -> 2025 | CP3: =Sheet1!DI3 -> 2025 | CQ3: =Sheet1!DJ3 -> 2025 | ... DF3: =Sheet1!DY3 -> 2025 | DG3: 2025 | DH3: 2025 | DI3: 2025 | DJ3: 2025 | DK3: 2025 | DL3: 2025 | DM3: 2025 | DN3: 2025 | DO3: 2025 | DP3: 2025 | DQ3: 2025 | DR3: 2025 | DS3: 2025 | DT3: 2025 | DU3: 2025 | DV3: 2025 | DW3: 2025 | DX3: 2025 | DY3: 2025 | DZ3: 2025 | EA3: 2025 | EB3: 2025 | EC3: 2025 | ED3: 2026 | EE3: 2026 | EF3: 2026 | EG3: 2026 | EH3: 2026 | EI3: 2026 | EJ3: 2026 | EK3: 2026 | EL3: 2026 | EM3: 2026 | EN3: 2026 | EO3: 2026 | EP3: 2026 | EQ3: 2026 | ER3: 2026 | ES3: 2026 | ET3: 2026 | EU3: 2026 | EV3: 2026 | EW3: 2026 | EX3: 2026 | EY3: 2026 | EZ3: 2026 | FA3: 2026 | FB3: 2026 | FC3: 2026 | FD3: 2026 | FE3: 2026 | FF3: 2026 | FG3: 2026 | FH3: 2026 | FI3: 2026 | FJ3: 2026 | FK3: 2026 | FL3: 2026 | FM3: 2026 | FN3: 2026 | FO3: 2026 | FP3: 2026
B4: =Sheet1!A4 -> Week | C4: =Sheet1!#REF! -> #REF! | D4: =Sheet1!#REF! -> #REF! | E4: 25 | F4: 26 | G4: 27 | H4: 28 | I4: 29 | J4: 30 | K4: 31 | L4: 32 | M4: 33 | N4: 34 | O4: 35 | P4: 36 | Q4: 37 | R4: 38 | S4: 39 | T4: 40 | U4: 41 | V4: 42 | W4: 43 | X4: 44 | Y4: 45 | Z4: 46 | AA4: 47 | AB4: 48 | AC4: 49 | AD4: 50 | AE4: 51 | AF4: 52 | AG4: 1 | AH4: 2 | AI4: 3 | AJ4: 4 | AK4: 5 | AL4: 6 | AM4: 7 | AN4: 8 | AO4: 9 | AP4: 10 | AQ4: 11 | AR4: 12 | AS4: 13 | AT4: 14 | AU4: 15 | AV4: 16 | AW4: 17 | AX4: 18 | AY4: 19 | AZ4: 20 | BA4: 21 | BB4: 22 | BC4: 23 | BD4: 24 | BE4: 25 | BF4: 26 | BG4: 27 | BH4: 28 | BI4: 29 | BJ4: 30 | BK4: 31 | BL4: 32 | BM4: 33 | BN4: 34 | BO4: 35 | BP4: 35(1)9.14更新 | BQ4: 36 | BR4: 37 | BS4: 38 | BT4: 39 | BU4: 40 | BV4: 41 | BW4: 42 | BX4: 43 | BY4: 44 | BZ4: 45 | CA4: 46 | CB4: 47 | CC4: 48 | CD4: 49 | CE4: 1 | CF4: 2 | CG4: 3 | CH4: 4 | CI4: 6 | CJ4: 7 | CK4: 8 | CL4: 9 | CM4: 10 | CN4: 11 | CO4: 12 | CP4: 13 | CQ4: 14 | CR4: 15 | CS4: 16 | CT4: 17 | CU4: 18 | CV4: 19 | CW4: 20 | CX4: 21 | CY4: 22 | CZ4: 23 | DA4: 24 | DB4: 25 | DC4: 26 | DD4: 27 | DE4: 28 | DF4: 29 | DG4: 30 | DH4: 31 | DI4: 32 | DJ4: 33 | DK4: 34 | DL4: 35 | DM4: 36 | DN4: 37 | DO4: 38 | DP4: 39 | DQ4: 41 | DR4: 42 | DS4: 43 | DT4: 44 | DU4: 45 | DV4: 46 | DW4: 47 | DX4: 48 | DY4: 49 | DZ4: 50 | EA4: 51 | EB4: 52 | EC4: EoY | ED4: 1 | EE4: 2 | EF4: 3 | EG4: 4 | EH4: 5 | EI4: 6 | EJ4: 8 | EK4: 9 | EL4: 10 | EM4: 11 | EN4: 12 | EO4: 13 | EP4: 14 | EQ4: 15 | ER4: 16 | ES4: 17 | ET4: 18 | EU4: 19 | EV4: 20 | EW4: 21 | EX4: 22 | EY4: 23 | EZ4: 24 | FA4: 25 | FB4: 26 | FC4: 27 | FD4: 28 | FE4: 29 | FF4: 30 | FG4: 31 | FH4: 32 | FI4: 33 | FJ4: 34 | FK4: 35 | FL4: 36 | FM4: 37 | FN4: =Sheet1!GG4 -> WoW (%) | FO4: MoM (%) | FP4: =Sheet1!GI4 -> YtD (%)
B5: Polysilicon RMB/kg (USD/kg)
B6: n-Type Silicon in China | H6: 74.5 | I6: 76 | J6: 76.3 | K6: 80 | L6: 80.2 | M6: 84 | N6: 86 | O6: 90 | P6: 92 | Q6: 92 | R6: 92 | S6: 92 | T6: 92 | U6: 92 | V6: 92 | W6: 85 | X6: 75 | Y6: 72 | Z6: 69 | AA6: 68.5 | AB6: 68 | AC6: 67 | AD6: 67 | AE6: 67 | AF6: =Sheet1!AY6 -> 67 | AG6: =Sheet1!AZ6 -> 67 | AH6: =Sheet1!BA6 -> 67 | AI6: =Sheet1!BB6 -> 69.5 | AJ6: =Sheet1!BC6 -> 69.5 | AK6: =Sheet1!BD6 -> 69.5 | AL6: =Sheet1!BE6 -> 69.5 | AM6: =Sheet1!BF6 -> 69.5 | ... FP6: =Sheet1!GI6 -> -18.095238
B7: Reusable Chinese 9N | C7: =Sheet1!#REF! -> #REF! | D7: =Sheet1!#REF! -> #REF! | E7: 64.8 | F7: 64 | G7: 64 | H7: 64.5 | I7: 66 | J7: 68 | K7: 70.5 | L7: 71.5 | M7: 73.5 | N7: 75 | O7: 80 | P7: 82 | Q7: 82 | R7: 82 | S7: 82 | T7: 82 | U7: 82 | V7: 80 | W7: 75 | X7: 70 | Y7: 65 | Z7: 63.5 | AA7: 63 | AB7: 63 | AC7: 62.5 | AD7: 62.5 | AE7: 61 | AF7: =Sheet1!AY7 -> 61 | AG7: =Sheet1!AZ7 -> 61 | AH7: =Sheet1!BA7 -> 61 | AI7: =Sheet1!BB7 -> 61.5 | AJ7: =Sheet1!BC7 -> 61.5 | AK7: =Sheet1!BD7 -> 61.5 | AL7: =Sheet1!BE7 -> 61.5 | AM7: =Sheet1!BF7 -> 61.5 | ... FP7: =Sheet1!GI7 -> -12.643678
B8: Chinese 9N | C8: =Sheet1!#REF! -> #REF! | D8: =Sheet1!#REF! -> #REF! | E8: 62.5 | F8: 62 | G8: 62 | H8: 62 | I8: 64 | J8: 65 | K8: 68 | L8: 69 | M8: 71.5 | N8: 73 | O8: 77 | P8: 77 | Q8: 77 | R8: 77 | S8: 77 | T8: 77 | U8: 77 | V8: 77 | W8: 72 | X8: 65 | Y8: 65 | Z8: 65 | AA8: 65 | AB8: 64 | AC8: 60 | AD8: 60 | AE8: 59.5 | AF8: =Sheet1!AY8 -> 59.5 | AG8: =Sheet1!AZ8 -> 59.5 | AH8: =Sheet1!BA8 -> 59.5 | AI8: =Sheet1!BB8 -> 59.5 | AJ8: =Sheet1!BC8 -> 59.5 | AK8: =Sheet1!BD8 -> 59.5 | AL8: =Sheet1!BE8 -> 59.5 | AM8: =Sheet1!BF8 -> 59.5 | ... FP8: =Sheet1!GI8 -> -15.294118
B9: Granular Silicon | O9: 0 | P9: 75 | Q9: 75 | R9: 80 | S9: 80 | T9: 80 | U9: 78 | V9: 78 | W9: 0 | X9: 0 | Y9: 62 | Z9: 62 | AA9: 62 | AB9: 62 | AC9: 61 | AD9: 61 | AE9: 61 | AF9: =Sheet1!AY9 -> 61 | AG9: =Sheet1!AZ9 -> 61 | AH9: =Sheet1!BA9 -> 61 | AI9: =Sheet1!BB9 -> 61 | AJ9: =Sheet1!BC9 -> 61 | AK9: =Sheet1!BD9 -> 61 | AL9: =Sheet1!BE9 -> 61 | AM9: =Sheet1!BF9 -> 61 | ... FP9: =Sheet1!GI9 -> -18
B10: Wafer RMB/piece
B11: p-type, 182 mm, 150 µm | C11: =Sheet1!#REF! -> #REF! | D11: =Sheet1!#REF! -> #REF! | E11: 2.8 | F11: 2.8 | G11: 2.75 | H11: 2.78 | I11: 2.78 | J11: 2.9 | K11: 2.95 | L11: 2.95 | M11: 3.15 | N11: 3.35 | O11: 3.35 | P11: 3.35 | Q11: 3.35 | R11: 3.35 | S11: 3.08 | T11: 3.08 | U11: 2.8 | V11: 2.75 | W11: 2.55 | X11: 2.4 | Y11: 2.4 | Z11: 2.4 | AA11: 2.35 | AB11: 2.3 | AC11: 2.12 | AD11: 2.12 | AE11: 2.05 | AF11: =Sheet1!AY12 -> 2 | AG11: =Sheet1!AZ12 -> 2 | AH11: =Sheet1!BA12 -> 2 | AI11: =Sheet1!BB12 -> 2 | AJ11: =Sheet1!BC12 -> 2.02 | AK11: =Sheet1!BD12 -> 2.02 | AL11: =Sheet1!BE12 -> 2.02 | AM11: =Sheet1!BF12 -> 2.02 | ... CP11: =Sheet1!DI12 -> 1.08 | FL11: - | FM11: - | FN11: - | FO11: - | FP11: -
B12: p-type 210 mm, 150 µm | C12: =Sheet1!#REF! -> #REF! | D12: =Sheet1!#REF! -> #REF! | E12: 4 | F12: 4 | G12: 4 | H12: 3.77 | I12: 3.77 | J12: 3.77 | K12: 3.92 | L12: 3.92 | M12: 4.1 | N12: 4.35 | O12: 4.35 | P12: 4.35 | Q12: 4.25 | R12: 4.2 | S12: 4.02 | T12: 4.02 | U12: 3.9 | V12: 3.66 | W12: 3.45 | X12: 3.3 | Y12: 3.3 | Z12: 3.3 | AA12: 3.3 | AB12: 3.3 | AC12: 3.3 | AD12: 3.05 | AE12: 3 | AF12: =Sheet1!AY13 -> 3 | AG12: =Sheet1!AZ13 -> 3 | AH12: =Sheet1!BA13 -> 3 | AI12: =Sheet1!BB13 -> 2.95 | AJ12: =Sheet1!BC13 -> 2.95 | AK12: =Sheet1!BD13 -> 2.85 | AL12: =Sheet1!BE13 -> 2.8 | AM12: =Sheet1!BF13 -> 2.8 | ... CP12: =Sheet1!DI13 -> 1.58 | FL12: - | FM12: - | FN12: - | FO12: - | FP12: -
B13: n-type 210 mm, 130 µm | C13: =Sheet1!#REF! -> #REF! | D13: =Sheet1!#REF! -> #REF! | E13: 5 | F13: 5 | G13: 5 | H13: 3.84 | I13: 3.84 | J13: 3.84 | K13: 3.98 | L13: 3.98 | M13: 4.25 | N13: 4.32 | O13: 4.32 | P13: 4.32 | Q13: 4.32 | R13: 4.32 | S13: 4.2 | T13: 4.2 | U13: 3.95 | V13: 3.85 | W13: 3.5 | X13: 3.35 | Y13: 3.35 | Z13: 3.35 | AA13: 3.35 | AB13: 3.35 | AC13: 3.35 | AD13: 3.35 | AE13: 3.25 | AF13: =Sheet1!AY15 -> 3.23 | AG13: =Sheet1!AZ15 -> 3.23 | AH13: =Sheet1!BA15 -> 3.23 | AI13: =Sheet1!BB15 -> 3.1 | AJ13: =Sheet1!BC15 -> 3.1 | AK13: =Sheet1!BD15 -> 3.08 | AL13: =Sheet1!BE15 -> 3.08 | AM13: =Sheet1!BF15 -> 3.08 | ... FP13: =Sheet1!GI15 -> -25.806452
B14: n-type 182 mm, 130 µm | C14: =Sheet1!#REF! -> #REF! | D14: =Sheet1!#REF! -> #REF! | E14: 3.5 | F14: 3.5 | G14: 3.5 | H14: 2.9 | I14: 2.9 | J14: 2.9 | K14: 3.01 | L14: 3.01 | M14: 3.2 | N14: 3.26 | O14: 3.26 | P14: 3.26 | Q14: 3.26 | R14: 3.26 | S14: 3.2 | T14: 3.2 | U14: 3.05 | V14: 2.9 | W14: 2.7 | X14: 2.55 | Y14: 2.55 | Z14: 2.55 | AA14: 2.55 | AB14: 2.55 | AC14: 2.55 | AD14: 2.55 | AE14: 2.4 | AF14: =Sheet1!AY16 -> 2.3 | AG14: =Sheet1!AZ16 -> 2.3 | AH14: =Sheet1!BA16 -> 2.3 | AI14: =Sheet1!BB16 -> 2.3 | AJ14: =Sheet1!BC16 -> 2.2 | AK14: =Sheet1!BD16 -> 2.15 | AL14: =Sheet1!BE16 -> 2.15 | AM14: =Sheet1!BF16 -> 2.15 | ... FP14: =Sheet1!GI16 -> -18.4
B15: n-type 210R, 130 µm | BP15: =Sheet1!CI17 -> 1.3 | BQ15: =Sheet1!CJ17 -> 1.25 | BR15: =Sheet1!CK17 -> 1.3 | BS15: =Sheet1!CL17 -> 1.3 | BT15: =Sheet1!CM17 -> 1.25 | BU15: =Sheet1!CN17 -> 1.25 | BV15: =Sheet1!CO17 -> 1.25 | BW15: =Sheet1!CP17 -> 1.2 | ... FP15: =Sheet1!GI17 -> -22.222222
B16: Cells RMB/W
B17: PERC bifacial - p-type, 182 mm | C17: =Sheet1!#REF! -> #REF! | D17: =Sheet1!#REF! -> #REF! | E17: 0.72 | F17: 0.71 | G17: 0.715 | H17: 0.73 | I17: 0.735 | J17: 0.745 | K17: 0.75 | L17: 0.755 | M17: 0.76 | N17: 0.76 | O17: 0.76 | P17: 0.76 | Q17: 0.75 | R17: 0.71 | S17: 0.65 | T17: 0.65 | U17: 0.61 | V17: 0.55 | W17: 0.51 | X17: 0.48 | Y17: 0.46 | Z17: 0.46 | AA17: 0.46 | AB17: 0.45 | AC17: 0.43 | AD17: 0.425 | AE17: 0.39 | AF17: =Sheet1!AY19 -> 0.36 | AG17: =Sheet1!AZ19 -> 0.36 | AH17: =Sheet1!BA19 -> 0.39 | AI17: =Sheet1!BB19 -> 0.39 | AJ17: =Sheet1!BC19 -> 0.39 | AK17: =Sheet1!BD19 -> 0.39 | AL17: =Sheet1!BE19 -> 0.39 | AM17: =Sheet1!BF19 -> 0.39 | ... DC17: =Sheet1!DV19 -> 0.27 | DD17: - | FL17: - | FM17: - | FN17: - | FO17: - | FP17: -
B18: PERC bifacial - p-type, 210 mm | C18: =Sheet1!#REF! -> #REF! | D18: =Sheet1!#REF! -> #REF! | E18: 0.75 | F18: 0.74 | G18: 0.74 | H18: 0.73 | I18: 0.73 | J18: 0.73 | K18: 0.74 | L18: 0.74 | M18: 0.74 | N18: 0.74 | O18: 0.74 | P18: 0.74 | Q18: 0.74 | R18: 0.72 | S18: 0.68 | T18: 0.68 | U18: 0.62 | V18: 0.6 | W18: 0.53 | X18: 0.53 | Y18: 0.54 | Z18: 0.6 | AA18: 0.6 | AB18: 0.49 | AC18: 0.48 | AD18: 0.44 | AE18: 0.43 | AF18: =Sheet1!AY20 -> 0.42 | AG18: =Sheet1!AZ20 -> 0.42 | AH18: =Sheet1!BA20 -> 0.42 | AI18: =Sheet1!BB20 -> 0.4 | AJ18: =Sheet1!BC20 -> 0.39 | AK18: =Sheet1!BD20 -> 0.39 | AL18: =Sheet1!BE20 -> 0.39 | AM18: =Sheet1!BF20 -> 0.39 | ... DC18: =Sheet1!DV20 -> 0.28 | DD18: - | FL18: - | FM18: - | FN18: - | FO18: - | FP18: -
B19: TOPCon - n-type, 182 mm | C19: =Sheet1!#REF! -> #REF! | D19: =Sheet1!#REF! -> #REF! | E19: 0.83 | F19: 0.8 | G19: 0.81 | H19: 0.79 | I19: 0.79 | J19: 0.79 | K19: 0.8 | L19: 0.8 | M19: 0.81 | N19: 0.81 | O19: 0.81 | P19: 0.81 | Q19: 0.81 | R19: 0.74 | S19: 0.68 | T19: 0.68 | U19: 0.68 | V19: 0.6 | W19: 0.58 | X19: 0.53 | Y19: 0.5 | Z19: 0.5 | AA19: 0.5 | AB19: 0.49 | AC19: 0.49 | AD19: 0.49 | AE19: 0.48 | AF19: =Sheet1!AY21 -> 0.48 | AG19: =Sheet1!AZ21 -> 0.48 | AH19: =Sheet1!BA21 -> 0.48 | AI19: =Sheet1!BB21 -> 0.48 | AJ19: =Sheet1!BC21 -> 0.48 | AK19: =Sheet1!BD21 -> 0.48 | AL19: =Sheet1!BE21 -> 0.48 | AM19: =Sheet1!BF21 -> 0.48 | ... FP19: =Sheet1!GI21 -> -18.918919
B20: TOPCon - n-type, 210 mm | BB20: =Sheet1!BU22 -> 0.36 | BC20: =Sheet1!BV22 -> 0.35 | BD20: =Sheet1!BW22 -> 0.35 | BE20: =Sheet1!BX22 -> 0.35 | BF20: =Sheet1!BY22 -> 0.35 | BG20: =Sheet1!BZ22 -> 0.33 | BH20: =Sheet1!CA22 -> 0.33 | BI20: =Sheet1!CB22 -> 0.32 | ... FP20: =Sheet1!GI22 -> -22.368421
B21: Bifacial 210R TOPCon Cell (Above 24.3% ) | BP21: =Sheet1!CI23 -> 0.29 | BQ21: =Sheet1!CJ23 -> 0.28 | BR21: =Sheet1!CK23 -> 0.285 | BS21: =Sheet1!CL23 -> 0.285 | BT21: =Sheet1!CM23 -> 0.285 | BU21: =Sheet1!CN23 -> 0.285 | BV21: =Sheet1!CO23 -> 0.285 | BW21: =Sheet1!CP23 -> 0.285 | ... FP21: =Sheet1!GI23 -> -14.864865
B22: Modules RMB/W
B23: PERC monofacial - p-type, 182 mm (540-550W)/(420-495W) | C23: =Sheet1!#REF! -> #REF! | D23: =Sheet1!#REF! -> #REF! | E23: 1.38 | F23: 1.375 | G23: 1.36 | H23: 1.33 | I23: 1.31 | J23: 1.31 | K23: 1.27 | L23: 1.27 | M23: 1.27 | N23: 1.27 | O23: 1.27 | P23: 1.27 | Q23: 1.255 | R23: 1.22 | S23: 1.16 | T23: 1.16 | U23: 1.13 | V23: 1.1 | W23: 1.08 | X23: 1.02 | Y23: 1 | Z23: 1 | AA23: 0.98 | AB23: 0.98 | AC23: 0.93 | AD23: 0.92 | AE23: 0.88 | AF23: =Sheet1!AY25 -> 0.87 | AG23: =Sheet1!AZ25 -> 0.87 | AH23: =Sheet1!BA25 -> 0.87 | AI23: =Sheet1!BB25 -> 0.86 | AJ23: =Sheet1!BC25 -> 0.86 | AK23: =Sheet1!BD25 -> 0.86 | AL23: =Sheet1!BE25 -> 0.86 | AM23: =Sheet1!BF25 -> 0.86 | ... DO23: =Sheet1!EH25 -> 0.65 | FL23: - | FM23: - | FN23: - | FO23: - | FP23: -
B24: PERC bifacial - p-type, 182 mm, 72 cells (540-550W)/(420-495W) | C24: =Sheet1!#REF! -> #REF! | D24: =Sheet1!#REF! -> #REF! | E24: 1.4 | F24: 1.395 | G24: 1.39 | H24: 1.355 | I24: 1.33 | J24: 1.33 | K24: 1.28 | L24: 1.28 | M24: 1.28 | N24: 1.28 | O24: 1.28 | P24: 1.28 | Q24: 1.265 | R24: 1.24 | S24: 1.18 | T24: 1.18 | U24: 1.15 | V24: 1.12 | W24: 1.1 | X24: 1.05 | Y24: 1.04 | Z24: 1.04 | AA24: 1.03 | AB24: 1.03 | AC24: 0.95 | AD24: 0.94 | AE24: 0.92 | AF24: =Sheet1!AY26 -> 0.91 | AG24: =Sheet1!AZ26 -> 0.91 | AH24: =Sheet1!BA26 -> 0.91 | AI24: =Sheet1!BB26 -> 0.89 | AJ24: =Sheet1!BC26 -> 0.89 | AK24: =Sheet1!BD26 -> 0.89 | AL24: =Sheet1!BE26 -> 0.89 | AM24: =Sheet1!BF26 -> 0.89 | ... DO24: =Sheet1!EH26 -> 0.665 | FL24: - | FM24: - | FN24: - | FO24: - | FP24: -
B25: PERC bifacial - p-type, 210 mm, 55 cells (540-550W) | C25: =Sheet1!#REF! -> #REF! | D25: =Sheet1!#REF! -> #REF! | E25: 1.42 | F25: 1.415 | G25: 1.41 | H25: 1.36 | I25: 1.33 | J25: 1.33 | K25: 1.28 | L25: 1.28 | M25: 1.28 | N25: 1.28 | O25: 1.28 | P25: 1.28 | Q25: 1.265 | R25: 1.24 | S25: 1.18 | T25: 1.18 | U25: 1.15 | V25: 1.14 | W25: 1.12 | X25: 1.05 | Y25: 1.04 | Z25: 1.13 | AA25: 1.13 | AB25: 1.13 | AC25: 0.98 | AD25: 0.96 | AE25: 0.94 | AF25: =Sheet1!AY27 -> 0.93 | AG25: =Sheet1!AZ27 -> 0.93 | AH25: =Sheet1!BA27 -> 0.93 | AI25: =Sheet1!BB27 -> 0.92 | AJ25: =Sheet1!BC27 -> 0.92 | AK25: =Sheet1!BD27 -> 0.92 | AL25: =Sheet1!BE27 -> 0.92 | AM25: =Sheet1!BF27 -> 0.92 | ... DO25: =Sheet1!EH27 -> 0.67 | FL25: - | FM25: - | FN25: - | FO25: - | FP25: -
B26: TOPCon bifacial - n-type, 182 mm, 72 cells (580-590W) | C26: =Sheet1!#REF! -> #REF! | D26: =Sheet1!#REF! -> #REF! | E26: 1.48 | F26: 1.455 | G26: 1.455 | H26: 1.397 | I26: 1.38 | J26: 1.38 | K26: 1.33 | L26: 1.33 | M26: 1.33 | N26: 1.33 | O26: 1.33 | P26: 1.33 | Q26: 1.33 | R26: 1.28 | S26: 1.24 | T26: 1.24 | U26: 1.18 | V26: 1.17 | W26: 1.15 | X26: 1.13 | Y26: 1.1 | Z26: 1.1 | AA26: 1.09 | AB26: 1.09 | AC26: 1.03 | AD26: 1.03 | AE26: 1.02 | AF26: =Sheet1!AY28 -> 1.02 | AG26: =Sheet1!AZ28 -> 1.02 | AH26: =Sheet1!BA28 -> 1.02 | AI26: =Sheet1!BB28 -> 1.02 | AJ26: =Sheet1!BC28 -> 0.96 | AK26: =Sheet1!BD28 -> 0.96 | AL26: =Sheet1!BE28 -> 0.96 | AM26: =Sheet1!BF28 -> 0.96 | ... FJ26: =Sheet1!GC28 -> 0.66 | FL26: - | FM26: - | FN26: - | FO26: - | FP26: -
B27: TOPCon bifacial - n-type, 210 mm, 60 cells (620-630W) | AJ27: =Sheet1!BC29 -> 0.96 | AK27: =Sheet1!BD29 -> 0.96 | AL27: =Sheet1!BE29 -> 0.96 | AM27: =Sheet1!BF29 -> 0.96 | AN27: =Sheet1!BG29 -> 0.96 | AO27: =Sheet1!BH29 -> 0.96 | AP27: =Sheet1!BI29 -> 0.96 | AQ27: =Sheet1!BJ29 -> 0.96 | ... FP27: =Sheet1!GI29 -> 2.173913
B28: TOPCon bifacial - n-type, 210 mm, 60 cells (710-735W) | DR28: =Sheet1!EK30 -> 0.7 | DS28: =Sheet1!EL30 -> 0.7 | DT28: =Sheet1!EM30 -> 0.7 | DU28: =Sheet1!EN30 -> 0.7 | DV28: =Sheet1!EO30 -> 0.7 | DW28: =Sheet1!EP30 -> 0.7 | DX28: =Sheet1!EQ30 -> 0.7 | DY28: =Sheet1!ER30 -> 0.69 | ... FJ28: =Sheet1!GC30 -> 0.73 | FL28: - | FM28: - | FN28: - | FO28: - | FP28: -
B29: TOPCon bifacial - n-type, 210R, 60 Cell (610-635W) | DS29: =Sheet1!EL35 -> 0.685 | DT29: =Sheet1!EM35 -> 0.68 | DU29: =Sheet1!EN35 -> 0.67 | DV29: =Sheet1!EO35 -> 0.67 | DW29: =Sheet1!EP35 -> 0.67 | DX29: =Sheet1!EQ35 -> 0.67 | DY29: =Sheet1!ER35 -> 0.66 | DZ29: =Sheet1!ES35 -> 0.66 | ... FP29: =Sheet1!GI35 -> 2.9411765
B30: 210mm HJT Module (615-635W) | AN30: =Sheet1!BG31 -> 1.1 | AO30: =Sheet1!BH31 -> 1.1 | AP30: =Sheet1!BI31 -> 1.1 | AQ30: =Sheet1!BJ31 -> 1.1 | AR30: =Sheet1!BK31 -> 1.05 | AS30: =Sheet1!BL31 -> 1.05 | AT30: =Sheet1!BM31 -> 1.05 | AU30: =Sheet1!BN31 -> 1.05 | ... DB30: =Sheet1!DU31 -> 0.755 | DC30: - | DD30: - | FL30: - | FM30: - | FN30: - | FO30: - | FP30: -
B31: 210mm HJT Module (715-730W) | DB31: =Sheet1!DU32 -> 0.78 | DC31: =Sheet1!DV32 -> 0.78 | DD31: =Sheet1!DW32 -> 0.78 | DE31: =Sheet1!DX32 -> 0.78 | DF31: =Sheet1!DY32 -> 0.78 | DG31: =Sheet1!DZ32 -> 0.785 | DH31: =Sheet1!EA32 -> 0.785 | DI31: =Sheet1!EB32 -> 0.79 | ... FP31: =Sheet1!GI32 -> 6.4102564
B32: BC Module (655W+) | CP32: =Sheet1!DI33 -> 0.87 | CQ32: =Sheet1!DJ33 -> 0.87 | CR32: =Sheet1!DK33 -> 0.87 | CS32: =Sheet1!DL33 -> 0.87 | CT32: =Sheet1!DM33 -> 0.83 | CU32: =Sheet1!DN33 -> 0.83 | CV32: =Sheet1!DO33 -> 0.83 | CW32: =Sheet1!DP33 -> 0.78 | ... FP32: =Sheet1!GI33 -> 6.5789474
B33: BC Module (655W+) 210R | CP33: =Sheet1!DI34 -> 0.805 | CQ33: =Sheet1!DJ34 -> 0.805 | CR33: =Sheet1!DK34 -> 0.805 | CS33: =Sheet1!DL34 -> 0.805 | CT33: =Sheet1!DM34 -> 0.8 | CU33: =Sheet1!DN34 -> 0.8 | CV33: =Sheet1!DO34 -> 0.8 | CW33: =Sheet1!DP34 -> 0.76 | ... FP33: =Sheet1!GI34 -> 4
B34: China Project Price (≥595W) | DB34: =Sheet1!DU36 -> 0.68 | DC34: =Sheet1!DV36 -> 0.68 | DD34: =Sheet1!DW36 -> 0.68 | DE34: =Sheet1!DX36 -> 0.68 | DF34: =Sheet1!DY36 -> 0.685 | DG34: =Sheet1!DZ36 -> 0.705 | DH34: =Sheet1!EA36 -> 0.705 | DI34: =Sheet1!EB36 -> 0.72 | ... FP34: =Sheet1!GI36 -> 1.5151515
B35: China Project Price (≥615W) | CY35: =Sheet1!DR37 -> 0.68 | CZ35: =Sheet1!DS37 -> 0.69 | DA35: =Sheet1!DT37 -> 0.69 | DB35: =Sheet1!DU37 -> 0.69 | DC35: =Sheet1!DV37 -> 0.69 | DD35: =Sheet1!DW37 -> 0.69 | DE35: =Sheet1!DX37 -> 0.69 | DF35: =Sheet1!DY37 -> 0.695 | ... FP35: =Sheet1!GI37 -> 5.8394161
B36: China Project Price (≥585W) | DB36: =Sheet1!DU38 -> 0.66 | DC36: =Sheet1!DV38 -> 0.66 | DD36: =Sheet1!DW38 -> 0.66 | DE36: =Sheet1!DX38 -> 0.66 | DF36: =Sheet1!DY38 -> 0.66 | DG36: =Sheet1!DZ38 -> 0.66 | DH36: =Sheet1!EA38 -> 0.66 | DI36: =Sheet1!EB38 -> 0.66 | ... FP36: =Sheet1!GI38 -> 5.8823529
B37: Solar Glass RMB/m²
B38: 3.2 mm | C38: =Sheet1!#REF! -> #REF! | D38: =Sheet1!#REF! -> #REF! | E38: 25 | F38: 25 | G38: 25 | H38: 25 | I38: 25 | J38: 25 | K38: 25.5 | L38: 25.5 | M38: 25.5 | N38: 25.5 | O38: 28 | P38: 28 | Q38: 28 | R38: 28 | S38: 28 | T38: 28 | U38: 28 | V38: 28 | W38: 28 | X38: 28 | Y38: 28 | Z38: 28 | AA38: 28 | AB38: 28 | AC38: 28 | AD38: 28 | AE38: 28 | AF38: =Sheet1!AY40 -> 28 | AG38: =Sheet1!AZ40 -> 28 | AH38: =Sheet1!BA40 -> 28 | AI38: =Sheet1!BB40 -> 28 | AJ38: =Sheet1!BC40 -> 28 | AK38: =Sheet1!BD40 -> 28 | AL38: =Sheet1!BE40 -> 28 | AM38: =Sheet1!BF40 -> 28 | ... FP38: =Sheet1!GI40 -> -7.5
B39: 2.0 mm | C39: =Sheet1!#REF! -> #REF! | D39: =Sheet1!#REF! -> #REF! | E39: 18.5 | F39: 18.5 | G39: 18.5 | H39: 18.5 | I39: 18.5 | J39: 18.5 | K39: 18.5 | L39: 18.5 | M39: 18.5 | N39: 18.5 | O39: 20 | P39: 20 | Q39: 20 | R39: 20 | S39: 20 | T39: 20 | U39: 20 | V39: 20 | W39: 20 | X39: 20 | Y39: 20 | Z39: 20 | AA39: 20 | AB39: 20 | AC39: 20 | AD39: 20 | AE39: 20 | AF39: =Sheet1!AY41 -> 20 | AG39: =Sheet1!AZ41 -> 20 | AH39: =Sheet1!BA41 -> 20 | AI39: =Sheet1!BB41 -> 20 | AJ39: =Sheet1!BC41 -> 20 | AK39: =Sheet1!BD41 -> 20 | AL39: =Sheet1!BE41 -> 20 | AM39: =Sheet1!BF41 -> 20 | ... FP39: =Sheet1!GI41 -> -14.814815
B40: The data was collected by Chinese market research firm Gessey Information Technology Co. Ltd. More details about prices from individual companies and analysis is available for paid subscription from Gessey (pvpriceindex@gessey.info).
B41: Disclaimer: TaiyangNews does not guarantee reliability, accuracy or completeness of this price index' content. TaiyangNews does not accept responsibility or liability for any errors in this work.
EH42: On April 8, global polysilicon production came offline.
B43: BC Module（655W+）、BC Module（655W+）210R，New this week
B44: June 5th, the China Project price (≥ 6.15 million) was newly added.
B45: On July 2nd, PERC bifacial - p-type, 182 mm and PERC bifacial - p-type, 210 mm came off the production line.

Sheet polysilicon
B2: 2023 | BA2: 2024 | CX2: 2025 | EW2: 2026
B3: 1 | C3: 2 | D3: 3 | E3: 5 | F3: 6 | G3: 7 | H3: 8 | I3: 9 | J3: 10 | K3: 11 | L3: 12 | M3: 13 | N3: 14 | O3: 15 | P3: 16 | Q3: 17 | R3: 18 | S3: 19 | T3: 20 | U3: 21 | V3: 22 | W3: 23 | X3: 24 | Y3: 25 | Z3: 26 | AA3: 27 | AB3: 28 | AC3: 29 | AD3: 30 | AE3: 31 | AF3: 32 | AG3: 33 | AH3: 34 | AI3: 35 | AJ3: 36 | AK3: 37 | AL3: 38 | AM3: 39 | AN3: 40 | AO3: 41 | AP3: 42 | AQ3: 43 | AR3: 44 | AS3: 45 | AT3: 46 | AU3: 47 | AV3: 48 | AW3: 49 | AX3: 50 | AY3: 51 | AZ3: 52 | BA3: 1 | BB3: 2 | BC3: 3 | BD3: 4 | BE3: 5 | BF3: 6 | BG3: 8 | BH3: 9 | BI3: 10 | BJ3: 11 | BK3: 12 | BL3: 13 | BM3: 14 | BN3: 15 | BO3: 16 | BP3: 17 | BQ3: 19 | BR3: 20 | BS3: 21 | BT3: 22 | BU3: 23 | BV3: 24 | BW3: 25 | BX3: 26 | BY3: 27 | BZ3: 28 | CA3: 29 | CB3: 30 | CC3: 31 | CD3: 32 | CE3: 33 | CF3: 34 | CG3: 35 | CH3: 36 | CI3: 37 | CJ3: 38 | CK3: 39 | CL3: 41 | CM3: 42 | CN3: 43 | CO3: 44 | CP3: 45 | CQ3: 46 | CR3: 47 | CS3: 48 | CT3: 49 | CU3: 50 | CV3: 51 | CW3: 52 | CX3: 1 | CY3: 2 | CZ3: 3 | DA3: 4 | DB3: 6 | DC3: 7 | DD3: 8 | DE3: 9 | DF3: 10 | DG3: 11 | DH3: 12 | DI3: 13 | DJ3: 14 | DK3: 15 | DL3: 16 | DM3: 17 | DN3: 18 | DO3: 19 | DP3: 20 | DQ3: 21 | DR3: 22 | DS3: 23 | DT3: 24 | DU3: 25 | DV3: 26 | DW3: 27 | DX3: 28 | DY3: 29 | DZ3: 30 | EA3: 31 | EB3: 32 | EC3: 33 | ED3: 34 | EE3: 35 | EF3: 36 | EG3: 37 | EH3: 38 | EI3: 39 | EJ3: 41 | EK3: 42 | EL3: 43 | EM3: 44 | EN3: 45 | EO3: 46 | EP3: 47 | EQ3: 48 | ER3: 49 | ES3: 50 | ET3: 51 | EU3: 52 | EV3: EoY | EW3: 1 | EX3: 2 | EY3: 3 | EZ3: 4 | FA3: 5 | FB3: 6 | FC3: 8 | FD3: 9 | FE3: 10 | FF3: 11 | FG3: 12 | FH3: 13 | FI3: 14 | FJ3: 15 | FK3: 16 | FL3: 17 | FM3: 18 | FN3: 19 | FO3: 20 | FP3: 21 | FQ3: 22 | FR3: 23 | FS3: 24 | FT3: 25 | FU3: 26 | FV3: 27 | FW3: 28 | FX3: 29 | FY3: 30 | FZ3: 31 | GA3: 32 | GB3: 33 | GC3: 34 | GD3: 35 | GE3: 36 | GF3: 37
A4: Reusable Chinese 9N | B4: 210 | C4: 170 | D4: 170 | E4: 208 | F4: 240 | G4: 241 | H4: 241 | I4: 240 | J4: 228 | K4: 220 | L4: 215 | M4: 209 | N4: 201 | O4: 196 | P4: 194 | Q4: 182 | R4: 181 | S4: 161 | T4: 140 | U4: 135 | V4: 120 | W4: 115 | X4: 65 | Y4: 64.8 | Z4: 64 | AA4: 64 | AB4: 64.5 | AC4: 66 | AD4: 68 | AE4: 70.5 | AF4: 71.5 | AG4: 73.5 | AH4: 75 | AI4: 80 | AJ4: 82 | AK4: 82 | AL4: 82 | AM4: 82 | AN4: 82 | AO4: 82 | AP4: 80 | AQ4: 75 | AR4: 70 | AS4: 65 | AT4: 63.5 | AU4: 63 | AV4: 63 | AW4: 62.5 | AX4: 62.5 | AY4: 61 | AZ4: =Sheet1!AY7 -> 61 | BA4: =Sheet1!AZ7 -> 61 | BB4: =Sheet1!BA7 -> 61 | BC4: =Sheet1!BB7 -> 61.5 | BD4: =Sheet1!BC7 -> 61.5 | BE4: =Sheet1!BD7 -> 61.5 | BF4: =Sheet1!BE7 -> 61.5 | BG4: =Sheet1!BF7 -> 61.5 | ... CI4: =Sheet1!CH7 -> 35 | CJ4: =Sheet1!CJ7 -> 35 | CK4: =Sheet1!CK7 -> 35 | CL4: =Sheet1!CL7 -> 35 | CM4: =Sheet1!CM7 -> 35 | CN4: =Sheet1!CN7 -> 35 | CO4: =Sheet1!CO7 -> 35 | CP4: =Sheet1!CP7 -> 35 | CQ4: =Sheet1!CQ7 -> 35 | ... GF4: =Sheet1!GF7 -> 38
A5: Chinese 9N | B5: 200 | C5: 162 | D5: 162 | E5: 200 | F5: 237 | G5: 237 | H5: 237 | I5: 234 | J5: 223 | K5: 218 | L5: 212 | M5: 206 | N5: 199 | O5: 194 | P5: 192 | Q5: 180 | R5: 178 | S5: 155 | T5: 138 | U5: 132 | V5: 115 | W5: 110 | X5: 63 | Y5: 62.5 | Z5: 62 | AA5: 62 | AB5: 62 | AC5: 64 | AD5: 65 | AE5: 68 | AF5: 69 | AG5: 71.5 | AH5: 73 | AI5: 77 | AJ5: 77 | AK5: 77 | AL5: 77 | AM5: 77 | AN5: 77 | AO5: 77 | AP5: 77 | AQ5: 72 | AR5: 65 | AS5: 65 | AT5: 65 | AU5: 65 | AV5: 64 | AW5: 60 | AX5: 60 | AY5: 59.5 | AZ5: =Sheet1!AY8 -> 59.5 | BA5: =Sheet1!AZ8 -> 59.5 | BB5: =Sheet1!BA8 -> 59.5 | BC5: =Sheet1!BB8 -> 59.5 | BD5: =Sheet1!BC8 -> 59.5 | BE5: =Sheet1!BD8 -> 59.5 | BF5: =Sheet1!BE8 -> 59.5 | BG5: =Sheet1!BF8 -> 59.5 | ... CI5: =Sheet1!CH8 -> 34 | CJ5: =Sheet1!CJ8 -> 34 | CK5: =Sheet1!CK8 -> 34 | CL5: =Sheet1!CL8 -> 34 | CM5: =Sheet1!CM8 -> 34 | CN5: =Sheet1!CN8 -> 34 | CO5: =Sheet1!CO8 -> 34 | CP5: =Sheet1!CP8 -> 34 | CQ5: =Sheet1!CQ8 -> 34 | ... GF5: =Sheet1!GF8 -> 36
A6: Global (USD/kg) | B6: 30 | C6: 28 | D6: 28 | E6: 28 | F6: 35 | G6: 35 | H6: 35 | I6: 35 | J6: 33 | K6: 33 | L6: 33 | M6: 33 | N6: 31 | O6: 30 | P6: 29 | Q6: 27 | R6: 26 | S6: 23.5 | T6: 23 | U6: 22.8 | V6: 21.5 | W6: 21 | X6: 20 | Y6: 20 | Z6: 20 | AA6: 20 | AB6: 20 | AC6: 20 | AD6: 20 | AE6: 20 | AF6: 20 | AG6: 20 | AH6: 20 | AI6: 20 | AJ6: 20 | AK6: 20 | AL6: 20 | AM6: 20 | AN6: 20 | AO6: 20 | AP6: 20 | AQ6: 20 | AR6: 20 | AS6: 20 | AT6: 20 | AU6: 20 | AV6: 20 | AW6: 20 | AX6: 20 | AY6: 20 | AZ6: =Sheet1!AY10 -> 20 | BA6: =Sheet1!AZ10 -> 20 | BB6: =Sheet1!BA10 -> 20 | BC6: =Sheet1!BB10 -> 20 | BD6: =Sheet1!BC10 -> 20 | BE6: =Sheet1!BD10 -> 20 | BF6: =Sheet1!BE10 -> 20 | BG6: =Sheet1!BF10 -> 20 | ... CI6: =Sheet1!CH10 -> 20 | CJ6: =Sheet1!CJ10 -> 20 | CK6: =Sheet1!CK10 -> 20 | CL6: =Sheet1!CL10 -> 20 | CM6: =Sheet1!CM10 -> 20 | CN6: =Sheet1!CN10 -> 20 | CO6: =Sheet1!CO10 -> 20 | CP6: =Sheet1!CP10 -> 20 | CQ6: =Sheet1!CQ10 -> 20 | ... FH6: =Sheet1!FH10 -> 20
A7: n-Type Silicon in China | AB7: 74.5 | AC7: 76 | AD7: 76.3 | AE7: 80 | AF7: 80.2 | AG7: 84 | AH7: 86 | AI7: 90 | AJ7: 92 | AK7: 92 | AL7: 92 | AM7: 92 | AN7: 92 | AO7: 92 | AP7: 92 | AQ7: 85 | AR7: 75 | AS7: 72 | AT7: 69 | AU7: 68.5 | AV7: 68 | AW7: 67 | AX7: 67 | AY7: 67 | AZ7: =Sheet1!AY6 -> 67 | BA7: =Sheet1!AZ6 -> 67 | BB7: =Sheet1!BA6 -> 67 | BC7: =Sheet1!BB6 -> 69.5 | BD7: =Sheet1!BC6 -> 69.5 | BE7: =Sheet1!BD6 -> 69.5 | BF7: =Sheet1!BE6 -> 69.5 | BG7: =Sheet1!BF6 -> 69.5 | ... CI7: =Sheet1!CH6 -> 38.5 | CJ7: =Sheet1!CJ6 -> 38.5 | CK7: =Sheet1!CK6 -> 40 | CL7: =Sheet1!CL6 -> 40 | CM7: =Sheet1!CM6 -> 40 | CN7: =Sheet1!CN6 -> 40 | CO7: =Sheet1!CO6 -> 40 | CP7: =Sheet1!CP6 -> 40 | CQ7: =Sheet1!CQ6 -> 40 | ... GF7: =Sheet1!GF6 -> 43
A8: Granular Silicon | AJ8: 75 | AK8: 75 | AL8: 80 | AM8: 80 | AN8: 80 | AO8: 78 | AP8: 78 | AS8: 62 | AT8: 62 | AU8: 62 | AV8: 62 | AW8: 61 | AX8: 61 | AY8: 61 | AZ8: =Sheet1!AY9 -> 61 | BA8: =Sheet1!AZ9 -> 61 | BB8: =Sheet1!BA9 -> 61 | BC8: =Sheet1!BB9 -> 61 | BD8: =Sheet1!BC9 -> 61 | BE8: =Sheet1!BD9 -> 61 | BF8: =Sheet1!BE9 -> 61 | BG8: =Sheet1!BF9 -> 61 | ... CI8: =Sheet1!CH9 -> 37 | CJ8: =Sheet1!CJ9 -> 37 | CK8: =Sheet1!CK9 -> 37 | CL8: =Sheet1!CL9 -> 37 | CM8: =Sheet1!CM9 -> 37 | CN8: =Sheet1!CN9 -> 37 | CO8: =Sheet1!CO9 -> 37 | CP8: =Sheet1!CP9 -> 37 | CQ8: =Sheet1!CQ9 -> 37 | ... GF8: =Sheet1!GF9 -> 41

Sheet Wafer
B2: 2023 | BA2: 2024 | CX2: 2025 | EW2: 2026
B3: 1 | C3: 2 | D3: 3 | E3: 5 | F3: 6 | G3: 7 | H3: 8 | I3: 9 | J3: 10 | K3: 11 | L3: 12 | M3: 13 | N3: 14 | O3: 15 | P3: 16 | Q3: 17 | R3: 18 | S3: 19 | T3: 20 | U3: 21 | V3: 22 | W3: 23 | X3: 24 | Y3: 25 | Z3: 26 | AA3: 27 | AB3: 28 | AC3: 29 | AD3: 30 | AE3: 31 | AF3: 32 | AG3: 33 | AH3: 34 | AI3: 35 | AJ3: 36 | AK3: 37 | AL3: 38 | AM3: 39 | AN3: 40 | AO3: 41 | AP3: 42 | AQ3: 43 | AR3: 44 | AS3: 45 | AT3: 46 | AU3: 47 | AV3: 48 | AW3: 49 | AX3: 50 | AY3: 51 | AZ3: 52 | BA3: 1 | BB3: 2 | BC3: 3 | BD3: 4 | BE3: 5 | BF3: 6 | BG3: 8 | BH3: 9 | BI3: 10 | BJ3: 11 | BK3: 12 | BL3: 13 | BM3: 14 | BN3: 15 | BO3: 16 | BP3: 17 | BQ3: 19 | BR3: 20 | BS3: 21 | BT3: 22 | BU3: 23 | BV3: 24 | BW3: 25 | BX3: 26 | BY3: 27 | BZ3: 28 | CA3: 29 | CB3: 30 | CC3: 31 | CD3: 32 | CE3: 33 | CF3: 34 | CG3: 35 | CH3: 36 | CI3: 37 | CJ3: 38 | CK3: 39 | CL3: 41 | CM3: 42 | CN3: 43 | CO3: 44 | CP3: 45 | CQ3: 46 | CR3: 47 | CS3: 48 | CT3: 49 | CU3: 50 | CV3: 51 | CW3: 52 | CX3: 1 | CY3: 2 | CZ3: 3 | DA3: 4 | DB3: 6 | DC3: 7 | DD3: 8 | DE3: 9 | DF3: 10 | DG3: 11 | DH3: 12 | DI3: 13 | DJ3: 14 | DK3: 15 | DL3: 16 | DM3: 17 | DN3: 18 | DO3: 19 | DP3: 20 | DQ3: 21 | DR3: 22 | DS3: 23 | DT3: 24 | DU3: 25 | DV3: 26 | DW3: 27 | DX3: 28 | DY3: 29 | DZ3: 30 | EA3: 31 | EB3: 32 | EC3: 33 | ED3: 34 | EE3: 35 | EF3: 36 | EG3: 37 | EH3: 38 | EI3: 39 | EJ3: 41 | EK3: 42 | EL3: 43 | EM3: 44 | EN3: 45 | EO3: 46 | EP3: 47 | EQ3: 48 | ER3: 49 | ES3: 50 | ET3: 51 | EU3: 52 | EV3: EoY | EW3: 1 | EX3: 2 | EY3: 3 | EZ3: 4 | FA3: 5 | FB3: 6 | FC3: 8 | FD3: 9 | FE3: 10 | FF3: 11 | FG3: 12 | FH3: 13 | FI3: 14 | FJ3: 15 | FK3: 16 | FL3: 17 | FM3: 18 | FN3: 19 | FO3: 20 | FP3: 21 | FQ3: 22 | FR3: 23 | FS3: 24 | FT3: 25 | FU3: 26 | FV3: 27 | FW3: 28 | FX3: 29 | FY3: 30 | FZ3: 31 | GA3: 32 | GB3: 33 | GC3: 34 | GD3: 35 | GE3: 36 | GF3: 37
A4: p-type, 182 mm, 150 µm | B4: 3.5 | C4: 3.6 | D4: 4.5 | E4: 4.8 | F4: 6.22 | G4: 6.22 | H4: 6.22 | I4: 6.22 | J4: 6.4 | K4: 6.5 | L4: 6.4 | M4: 6.4 | N4: 6.4 | O4: 6.4 | P4: 6.38 | Q4: 6.3 | R4: 5.84 | S4: 5.4 | T4: 4.6 | U4: 4.4 | V4: 4 | W4: 3.6 | X4: 2.8 | Y4: 2.8 | Z4: 2.8 | AA4: 2.75 | AB4: 2.78 | AC4: 2.78 | AD4: 2.9 | AE4: 2.95 | AF4: 2.95 | AG4: 3.15 | AH4: 3.35 | AI4: 3.35 | AJ4: 3.35 | AK4: 3.35 | AL4: 3.35 | AM4: 3.08 | AN4: 3.08 | AO4: 2.8 | AP4: 2.75 | AQ4: 2.55 | AR4: 2.4 | AS4: 2.4 | AT4: 2.4 | AU4: 2.35 | AV4: 2.3 | AW4: 2.12 | AX4: 2.12 | AY4: 2.05 | AZ4: =Sheet1!AY12 -> 2 | BA4: =Sheet1!AZ12 -> 2 | BB4: =Sheet1!BA12 -> 2 | BC4: =Sheet1!BB12 -> 2 | BD4: =Sheet1!BC12 -> 2.02 | BE4: =Sheet1!BD12 -> 2.02 | BF4: =Sheet1!BE12 -> 2.02 | BG4: =Sheet1!BF12 -> 2.02 | ... CI4: =Sheet1!CH12 -> 1.25 | CJ4: =Sheet1!CJ12 -> 1.15 | CK4: =Sheet1!CK12 -> 1.15 | CL4: =Sheet1!CL12 -> 1.15 | CM4: =Sheet1!CM12 -> 1.15 | CN4: =Sheet1!CN12 -> 1.15 | CO4: =Sheet1!CO12 -> 1.15 | CP4: =Sheet1!CP12 -> 1.1 | CQ4: =Sheet1!CQ12 -> 1.08 | ... DI4: =Sheet1!DI12 -> 1.08
A5: p-type 210 mm, 150 µm | B5: 4.8 | C5: 4.8 | D5: 6.2 | E5: 6.2 | F5: 8.2 | G5: 8.2 | H5: 8.2 | I5: 8.2 | J5: 8.2 | K5: 8.2 | L5: 8.2 | M5: 8.2 | N5: 8.05 | O5: 8.05 | P5: 8.05 | Q5: 8.05 | R5: 7.6 | S5: 7.4 | T5: 6 | U5: 5.8 | V5: 5.1 | W5: 5 | X5: 4 | Y5: 4 | Z5: 4 | AA5: 4 | AB5: 3.77 | AC5: 3.77 | AD5: 3.77 | AE5: 3.92 | AF5: 3.92 | AG5: 4.1 | AH5: 4.35 | AI5: 4.35 | AJ5: 4.35 | AK5: 4.25 | AL5: 4.2 | AM5: 4.02 | AN5: 4.02 | AO5: 3.9 | AP5: 3.66 | AQ5: 3.45 | AR5: 3.3 | AS5: 3.3 | AT5: 3.3 | AU5: 3.3 | AV5: 3.3 | AW5: 3.3 | AX5: 3.05 | AY5: 3 | AZ5: =Sheet1!AY13 -> 3 | BA5: =Sheet1!AZ13 -> 3 | BB5: =Sheet1!BA13 -> 3 | BC5: =Sheet1!BB13 -> 2.95 | BD5: =Sheet1!BC13 -> 2.95 | BE5: =Sheet1!BD13 -> 2.85 | BF5: =Sheet1!BE13 -> 2.8 | BG5: =Sheet1!BF13 -> 2.8 | ... CI5: =Sheet1!CH13 -> 1.85 | CJ5: =Sheet1!CJ13 -> 1.7 | CK5: =Sheet1!CK13 -> 1.72 | CL5: =Sheet1!CL13 -> 1.72 | CM5: =Sheet1!CM13 -> 1.72 | CN5: =Sheet1!CN13 -> 1.72 | CO5: =Sheet1!CO13 -> 1.72 | CP5: =Sheet1!CP13 -> 1.65 | CQ5: =Sheet1!CQ13 -> 1.65 | ... DI5: =Sheet1!DI13 -> 1.58
A6: n-type 210 mm, 150 µm | B6: 6.3 | C6: 5.1 | D6: 5.3 | E6: 5.3
A7: n-type 210 mm, 130 µm | F7: 8.52 | G7: 8.52 | H7: 8.52 | I7: 8.52 | J7: 8.52 | K7: 8.52 | L7: 8.52 | M7: 8.52 | N7: 8.2 | O7: 8.2 | P7: 8.2 | Q7: 8.2 | R7: 7.74 | S7: 7.6 | T7: 6.8 | U7: 6.7 | V7: 6.2 | W7: 6.1 | X7: 5 | Y7: 5 | Z7: 5 | AA7: 5 | AB7: 3.84 | AC7: 3.84 | AD7: 3.84 | AE7: 3.98 | AF7: 3.98 | AG7: 4.25 | AH7: 4.32 | AI7: 4.32 | AJ7: 4.32 | AK7: 4.32 | AL7: 4.32 | AM7: 4.2 | AN7: 4.2 | AO7: 3.95 | AP7: 3.85 | AQ7: 3.5 | AR7: 3.35 | AS7: 3.35 | AT7: 3.35 | AU7: 3.35 | AV7: 3.35 | AW7: 3.35 | AX7: 3.35 | AY7: 3.25 | AZ7: =Sheet1!AY15 -> 3.23 | BA7: =Sheet1!AZ15 -> 3.23 | BB7: =Sheet1!BA15 -> 3.23 | BC7: =Sheet1!BB15 -> 3.1 | BD7: =Sheet1!BC15 -> 3.1 | BE7: =Sheet1!BD15 -> 3.08 | BF7: =Sheet1!BE15 -> 3.08 | BG7: =Sheet1!BF15 -> 3.08 | ... CI7: =Sheet1!CH15 -> 1.5 | CJ7: =Sheet1!CJ15 -> 1.5 | CK7: =Sheet1!CK15 -> 1.5 | CL7: =Sheet1!CL15 -> 1.5 | CM7: =Sheet1!CM15 -> 1.45 | CN7: =Sheet1!CN15 -> 1.45 | CO7: =Sheet1!CO15 -> 1.45 | CP7: =Sheet1!CP15 -> 1.45 | CQ7: =Sheet1!CQ15 -> 1.45 | ... GF7: =Sheet1!GF15 -> 1.15
A8: n-type 182 mm, 130 µm | F8: 6.52 | G8: 6.52 | H8: 6.52 | I8: 6.52 | J8: 6.52 | K8: 6.52 | L8: 6.52 | M8: 6.52 | N8: 6.52 | O8: 6.52 | P8: 6.52 | Q8: 6.52 | R8: 5.95 | S8: 5.8 | T8: 5 | U8: 4.9 | V8: 4.5 | W8: 4.15 | X8: 3.5 | Y8: 3.5 | Z8: 3.5 | AA8: 3.5 | AB8: 2.9 | AC8: 2.9 | AD8: 2.9 | AE8: 3.01 | AF8: 3.01 | AG8: 3.2 | AH8: 3.26 | AI8: 3.26 | AJ8: 3.26 | AK8: 3.26 | AL8: 3.26 | AM8: 3.2 | AN8: 3.2 | AO8: 3.05 | AP8: 2.9 | AQ8: 2.7 | AR8: 2.55 | AS8: 2.55 | AT8: 2.55 | AU8: 2.55 | AV8: 2.55 | AW8: 2.55 | AX8: 2.55 | AY8: 2.4 | AZ8: =Sheet1!AY16 -> 2.3 | BA8: =Sheet1!AZ16 -> 2.3 | BB8: =Sheet1!BA16 -> 2.3 | BC8: =Sheet1!BB16 -> 2.3 | BD8: =Sheet1!BC16 -> 2.2 | BE8: =Sheet1!BD16 -> 2.15 | BF8: =Sheet1!BE16 -> 2.15 | BG8: =Sheet1!BF16 -> 2.15 | ... CI8: =Sheet1!CH16 -> 1.08 | CJ8: =Sheet1!CJ16 -> 1.08 | CK8: =Sheet1!CK16 -> 1.12 | CL8: =Sheet1!CL16 -> 1.12 | CM8: =Sheet1!CM16 -> 1.06 | CN8: =Sheet1!CN16 -> 1.06 | CO8: =Sheet1!CO16 -> 1.06 | CP8: =Sheet1!CP16 -> 1.03 | CQ8: =Sheet1!CQ16 -> 1.02 | ... GF8: =Sheet1!GF16 -> 1.02
A9: n-type 210R, 130 µm | CJ9: =Sheet1!CJ17 -> 1.25 | CK9: =Sheet1!CK17 -> 1.3 | CL9: =Sheet1!CL17 -> 1.3 | CM9: =Sheet1!CM17 -> 1.25 | CN9: =Sheet1!CN17 -> 1.25 | CO9: =Sheet1!CO17 -> 1.25 | CP9: =Sheet1!CP17 -> 1.2 | CQ9: =Sheet1!CQ17 -> 1.2 | ... GF9: =Sheet1!GF17 -> 1.05

Sheet cells
B2: 2023 | BA2: 2024 | CX2: 2025 | EW2: 2026
B3: 1 | C3: 2 | D3: 3 | E3: 5 | F3: 6 | G3: 7 | H3: 8 | I3: 9 | J3: 10 | K3: 11 | L3: 12 | M3: 13 | N3: 14 | O3: 15 | P3: 16 | Q3: 17 | R3: 18 | S3: 19 | T3: 20 | U3: 21 | V3: 22 | W3: 23 | X3: 24 | Y3: 25 | Z3: 26 | AA3: 27 | AB3: 28 | AC3: 29 | AD3: 30 | AE3: 31 | AF3: 32 | AG3: 33 | AH3: 34 | AI3: 35 | AJ3: 36 | AK3: 37 | AL3: 38 | AM3: 39 | AN3: 40 | AO3: 41 | AP3: 42 | AQ3: 43 | AR3: 44 | AS3: 45 | AT3: 46 | AU3: 47 | AV3: 48 | AW3: 49 | AX3: 50 | AY3: 51 | AZ3: 52 | BA3: 1 | BB3: 2 | BC3: 3 | BD3: 4 | BE3: 5 | BF3: 6 | BG3: 8 | BH3: 9 | BI3: 10 | BJ3: 11 | BK3: 12 | BL3: 13 | BM3: 14 | BN3: 15 | BO3: 16 | BP3: 17 | BQ3: 19 | BR3: 20 | BS3: 21 | BT3: 22 | BU3: 23 | BV3: 24 | BW3: 25 | BX3: 26 | BY3: 27 | BZ3: 28 | CA3: 29 | CB3: 30 | CC3: 31 | CD3: 32 | CE3: 33 | CF3: 34 | CG3: 35 | CH3: 36 | CI3: 37 | CJ3: 38 | CK3: 39 | CL3: 41 | CM3: 42 | CN3: 43 | CO3: 44 | CP3: 45 | CQ3: 46 | CR3: 47 | CS3: 48 | CT3: 49 | CU3: 50 | CV3: 51 | CW3: 52 | CX3: 1 | CY3: 2 | CZ3: 3 | DA3: 4 | DB3: 6 | DC3: 7 | DD3: 8 | DE3: 9 | DF3: 10 | DG3: 11 | DH3: 12 | DI3: 13 | DJ3: 14 | DK3: 15 | DL3: 16 | DM3: 17 | DN3: 18 | DO3: 19 | DP3: 20 | DQ3: 21 | DR3: 22 | DS3: 23 | DT3: 24 | DU3: 25 | DV3: 26 | DW3: 27 | DX3: 28 | DY3: 29 | DZ3: 30 | EA3: 31 | EB3: 32 | EC3: 33 | ED3: 34 | EE3: 35 | EF3: 36 | EG3: 37 | EH3: 38 | EI3: 39 | EJ3: 41 | EK3: 42 | EL3: 43 | EM3: 44 | EN3: 45 | EO3: 46 | EP3: 47 | EQ3: 48 | ER3: 49 | ES3: 50 | ET3: 51 | EU3: 52 | EV3: EoY | EW3: 1 | EX3: 2 | EY3: 3 | EZ3: 4 | FA3: 5 | FB3: 6 | FC3: 8 | FD3: 9 | FE3: 10 | FF3: 11 | FG3: 12 | FH3: 13 | FI3: 14 | FJ3: 15 | FK3: 16 | FL3: 17 | FM3: 18 | FN3: 19 | FO3: 20 | FP3: 21 | FQ3: 22 | FR3: 23 | FS3: 24 | FT3: 25 | FU3: 26 | FV3: 27 | FW3: 28 | FX3: 29 | FY3: 30 | FZ3: 31 | GA3: 32 | GB3: 33 | GC3: 34 | GD3: 35 | GE3: 36 | GF3: 37
A4: PERC bifacial - p-type, 182 mm | B4: 0.8 | C4: 0.83 | D4: 0.92 | E4: 0.97 | F4: 1.14 | G4: 1.14 | H4: 1.13 | I4: 1.09 | J4: 1.09 | K4: 1.1 | L4: 1.09 | M4: 1.1 | N4: 1.1 | O4: 1.1 | P4: 1.1 | Q4: 1.1 | R4: 1.09 | S4: 1.04 | T4: 1 | U4: 0.96 | V4: 0.88 | W4: 0.86 | X4: 0.79 | Y4: 0.72 | Z4: 0.71 | AA4: 0.715 | AB4: 0.73 | AC4: 0.735 | AD4: 0.745 | AE4: 0.75 | AF4: 0.755 | AG4: 0.76 | AH4: 0.76 | AI4: 0.76 | AJ4: 0.76 | AK4: 0.75 | AL4: 0.71 | AM4: 0.65 | AN4: 0.65 | AO4: 0.61 | AP4: 0.55 | AQ4: 0.51 | AR4: 0.48 | AS4: 0.46 | AT4: 0.46 | AU4: 0.46 | AV4: 0.45 | AW4: 0.43 | AX4: 0.425 | AY4: 0.39 | AZ4: =Sheet1!AY19 -> 0.36 | BA4: =Sheet1!AZ19 -> 0.36 | BB4: =Sheet1!BA19 -> 0.39 | BC4: =Sheet1!BB19 -> 0.39 | BD4: =Sheet1!BC19 -> 0.39 | BE4: =Sheet1!BD19 -> 0.39 | BF4: =Sheet1!BE19 -> 0.39 | BG4: =Sheet1!BF19 -> 0.39 | ... CI4: =Sheet1!CH19 -> 0.31 | CJ4: =Sheet1!CJ19 -> 0.3 | CK4: =Sheet1!CK19 -> 0.28 | CL4: =Sheet1!CL19 -> 0.28 | CM4: =Sheet1!CM19 -> 0.28 | CN4: =Sheet1!CN19 -> 0.28 | CO4: =Sheet1!CO19 -> 0.28 | CP4: =Sheet1!CP19 -> 0.28 | CQ4: =Sheet1!CQ19 -> 0.275 | ... DV4: =Sheet1!DV19 -> 0.27
A5: PERC bifacial - p-type, 210 mm | B5: 0.8 | C5: 0.83 | D5: 0.92 | E5: 0.97 | F5: 1.14 | G5: 1.14 | H5: 1.13 | I5: 1.1 | J5: 1.1 | K5: 1.1 | L5: 1.1 | M5: 1.13 | N5: 1.13 | O5: 1.13 | P5: 1.13 | Q5: 1.13 | R5: 1.13 | S5: 1.1 | T5: 1.06 | U5: 1.02 | V5: 0.9 | W5: 0.9 | X5: 0.83 | Y5: 0.75 | Z5: 0.74 | AA5: 0.74 | AB5: 0.73 | AC5: 0.73 | AD5: 0.73 | AE5: 0.74 | AF5: 0.74 | AG5: 0.74 | AH5: 0.74 | AI5: 0.74 | AJ5: 0.74 | AK5: 0.74 | AL5: 0.72 | AM5: 0.68 | AN5: 0.68 | AO5: 0.62 | AP5: 0.6 | AQ5: 0.53 | AR5: 0.53 | AS5: 0.54 | AT5: 0.6 | AU5: 0.6 | AV5: 0.49 | AW5: 0.48 | AX5: 0.44 | AY5: 0.43 | AZ5: =Sheet1!AY20 -> 0.42 | BA5: =Sheet1!AZ20 -> 0.42 | BB5: =Sheet1!BA20 -> 0.42 | BC5: =Sheet1!BB20 -> 0.4 | BD5: =Sheet1!BC20 -> 0.39 | BE5: =Sheet1!BD20 -> 0.39 | BF5: =Sheet1!BE20 -> 0.39 | BG5: =Sheet1!BF20 -> 0.39 | ... CI5: =Sheet1!CH20 -> 0.32 | CJ5: =Sheet1!CJ20 -> 0.31 | CK5: =Sheet1!CK20 -> 0.29 | CL5: =Sheet1!CL20 -> 0.29 | CM5: =Sheet1!CM20 -> 0.29 | CN5: =Sheet1!CN20 -> 0.29 | CO5: =Sheet1!CO20 -> 0.29 | CP5: =Sheet1!CP20 -> 0.29 | CQ5: =Sheet1!CQ20 -> 0.28 | ... DV5: =Sheet1!DV20 -> 0.28
A6: TOPCon - n-type, 182 mm | B6: 0.89 | C6: 0.92 | D6: 0.98 | E6: 1.03 | F6: 1.2 | G6: 1.2 | H6: 1.18 | I6: 1.15 | J6: 1.15 | K6: 1.21 | L6: 1.22 | M6: 1.22 | N6: 1.22 | O6: 1.22 | P6: 1.22 | Q6: 1.22 | R6: 1.22 | S6: 1.18 | T6: 1.12 | U6: 1.1 | V6: 0.99 | W6: 0.96 | X6: 0.88 | Y6: 0.83 | Z6: 0.8 | AA6: 0.81 | AB6: 0.79 | AC6: 0.79 | AD6: 0.79 | AE6: 0.8 | AF6: 0.8 | AG6: 0.81 | AH6: 0.81 | AI6: 0.81 | AJ6: 0.81 | AK6: 0.81 | AL6: 0.74 | AM6: 0.68 | AN6: 0.68 | AO6: 0.68 | AP6: 0.6 | AQ6: 0.58 | AR6: 0.53 | AS6: 0.5 | AT6: 0.5 | AU6: 0.5 | AV6: 0.49 | AW6: 0.49 | AX6: 0.49 | AY6: 0.48 | AZ6: =Sheet1!AY21 -> 0.48 | BA6: =Sheet1!AZ21 -> 0.48 | BB6: =Sheet1!BA21 -> 0.48 | BC6: =Sheet1!BB21 -> 0.48 | BD6: =Sheet1!BC21 -> 0.48 | BE6: =Sheet1!BD21 -> 0.48 | BF6: =Sheet1!BE21 -> 0.48 | BG6: =Sheet1!BF21 -> 0.48 | ... CI6: =Sheet1!CH21 -> 0.28 | CJ6: =Sheet1!CJ21 -> 0.27 | CK6: =Sheet1!CK21 -> 0.27 | CL6: =Sheet1!CL21 -> 0.27 | CM6: =Sheet1!CM21 -> 0.27 | CN6: =Sheet1!CN21 -> 0.27 | CO6: =Sheet1!CO21 -> 0.27 | CP6: =Sheet1!CP21 -> 0.27 | CQ6: =Sheet1!CQ21 -> 0.27 | ... GF6: =Sheet1!GF21 -> 0.3
A7: TOPCon - n-type, 210 mm | BV7: =Sheet1!BU22 -> 0.36 | BW7: =Sheet1!BV22 -> 0.35 | BX7: =Sheet1!BW22 -> 0.35 | BY7: =Sheet1!BX22 -> 0.35 | BZ7: =Sheet1!BY22 -> 0.35 | CA7: =Sheet1!BZ22 -> 0.33 | CB7: =Sheet1!CA22 -> 0.33 | CC7: =Sheet1!CB22 -> 0.32 | ... CI7: =Sheet1!CH22 -> 0.29 | CJ7: =Sheet1!CJ22 -> 0.285 | CK7: =Sheet1!CK22 -> 0.29 | CL7: =Sheet1!CL22 -> 0.29 | CM7: =Sheet1!CM22 -> 0.29 | CN7: =Sheet1!CN22 -> 0.29 | CO7: =Sheet1!CO22 -> 0.29 | CP7: =Sheet1!CP22 -> 0.29 | CQ7: =Sheet1!CQ22 -> 0.285 | ... GF7: =Sheet1!GF22 -> 0.295
A8: Bifacial 210R TOPCon Cell (Above 24.3%) | CJ8: =Sheet1!CJ23 -> 0.28 | CK8: =Sheet1!CK23 -> 0.285 | CL8: =Sheet1!CL23 -> 0.285 | CM8: =Sheet1!CM23 -> 0.285 | CN8: =Sheet1!CN23 -> 0.285 | CO8: =Sheet1!CO23 -> 0.285 | CP8: =Sheet1!CP23 -> 0.285 | CQ8: =Sheet1!CQ23 -> 0.275 | ... GF8: =Sheet1!GF23 -> 0.315

Sheet modules
B2: 2023 | BA2: 2024 | CX2: 2025 | EW2: 2026
B3: 1 | C3: 2 | D3: 3 | E3: 5 | F3: 6 | G3: 7 | H3: 8 | I3: 9 | J3: 10 | K3: 11 | L3: 12 | M3: 13 | N3: 14 | O3: 15 | P3: 16 | Q3: 17 | R3: 18 | S3: 19 | T3: 20 | U3: 21 | V3: 22 | W3: 23 | X3: 24 | Y3: 25 | Z3: 26 | AA3: 27 | AB3: 28 | AC3: 29 | AD3: 30 | AE3: 31 | AF3: 32 | AG3: 33 | AH3: 34 | AI3: 35 | AJ3: 36 | AK3: 37 | AL3: 38 | AM3: 39 | AN3: 40 | AO3: 41 | AP3: 42 | AQ3: 43 | AR3: 44 | AS3: 45 | AT3: 46 | AU3: 47 | AV3: 48 | AW3: 49 | AX3: 50 | AY3: 51 | AZ3: 52 | BA3: 1 | BB3: 2 | BC3: 3 | BD3: 4 | BE3: 5 | BF3: 6 | BG3: 8 | BH3: 9 | BI3: 10 | BJ3: 11 | BK3: 12 | BL3: 13 | BM3: 14 | BN3: 15 | BO3: 16 | BP3: 17 | BQ3: 19 | BR3: 20 | BS3: 21 | BT3: 22 | BU3: 23 | BV3: 24 | BW3: 25 | BX3: 26 | BY3: 27 | BZ3: 28 | CA3: 29 | CB3: 30 | CC3: 31 | CD3: 32 | CE3: 33 | CF3: 34 | CG3: 35 | CH3: 36 | CI3: 37 | CJ3: 38 | CK3: 39 | CL3: 41 | CM3: 42 | CN3: 43 | CO3: 44 | CP3: 45 | CQ3: 46 | CR3: 47 | CS3: 48 | CT3: 49 | CU3: 50 | CV3: 51 | CW3: 52 | CX3: 1 | CY3: 2 | CZ3: 3 | DA3: 4 | DB3: 6 | DC3: 7 | DD3: 8 | DE3: 9 | DF3: 10 | DG3: 11 | DH3: 12 | DI3: 13 | DJ3: 14 | DK3: 15 | DL3: 16 | DM3: 17 | DN3: 18 | DO3: 19 | DP3: 20 | DQ3: 21 | DR3: 22 | DS3: 23 | DT3: 24 | DU3: 25 | DV3: 26 | DW3: 27 | DX3: 28 | DY3: 29 | DZ3: 30 | EA3: 31 | EB3: 32 | EC3: 33 | ED3: 34 | EE3: 35 | EF3: 36 | EG3: 37 | EH3: 38 | EI3: 39 | EJ3: 41 | EK3: 42 | EL3: 43 | EM3: 44 | EN3: 45 | EO3: 46 | EP3: 47 | EQ3: 48 | ER3: 49 | ES3: 50 | ET3: 51 | EU3: 52 | EV3: EoY | EW3: 1 | EX3: 2 | EY3: 3 | EZ3: 4 | FA3: 5 | FB3: 6 | FC3: 8 | FD3: 9 | FE3: 10 | FF3: 11 | FG3: 12 | FH3: 13 | FI3: 14 | FJ3: 15 | FK3: 16 | FL3: 17 | FM3: 18 | FN3: 19 | FO3: 20 | FP3: 21 | FQ3: 22 | FR3: 23 | FS3: 24 | FT3: 25 | FU3: 26 | FV3: 27 | FW3: 28 | FX3: 29 | FY3: 30 | FZ3: 31 | GA3: 32 | GB3: 33 | GC3: 34 | GD3: 35 | GE3: 36 | GF3: 37
A4: PERC monofacial - p-type, 182 mm (540-550W)/(420-495W) | B4: 1.83 | C4: 1.79 | D4: 1.79 | E4: 1.79 | F4: 1.79 | G4: 1.78 | H4: 1.78 | I4: 1.76 | J4: 1.76 | K4: 1.76 | L4: 1.74 | M4: 1.73 | N4: 1.73 | O4: 1.73 | P4: 1.73 | Q4: 1.71 | R4: 1.71 | S4: 1.68 | T4: 1.62 | U4: 1.62 | V4: 1.6 | W4: 1.57 | X4: 1.4 | Y4: 1.38 | Z4: 1.375 | AA4: 1.36 | AB4: 1.33 | AC4: 1.31 | AD4: 1.31 | AE4: 1.27 | AF4: 1.27 | AG4: 1.27 | AH4: 1.27 | AI4: 1.27 | AJ4: 1.27 | AK4: 1.255 | AL4: 1.22 | AM4: 1.16 | AN4: 1.16 | AO4: 1.13 | AP4: 1.1 | AQ4: 1.08 | AR4: 1.02 | AS4: 1 | AT4: 1 | AU4: 0.98 | AV4: 0.98 | AW4: 0.93 | AX4: 0.92 | AY4: 0.88 | AZ4: =Sheet1!AY25 -> 0.87 | BA4: =Sheet1!AZ25 -> 0.87 | BB4: =Sheet1!BA25 -> 0.87 | BC4: =Sheet1!BB25 -> 0.86 | BD4: =Sheet1!BC25 -> 0.86 | BE4: =Sheet1!BD25 -> 0.86 | BF4: =Sheet1!BE25 -> 0.86 | BG4: =Sheet1!BF25 -> 0.86 | ... CI4: =Sheet1!CH25 -> 0.74 | CJ4: =Sheet1!CJ25 -> 0.72 | CK4: =Sheet1!CK25 -> 0.68 | CL4: =Sheet1!CL25 -> 0.68 | CM4: =Sheet1!CM25 -> 0.68 | CN4: =Sheet1!CN25 -> 0.68 | CO4: =Sheet1!CO25 -> 0.68 | CP4: =Sheet1!CP25 -> 0.68 | CQ4: =Sheet1!CQ25 -> 0.68 | ... EH4: =Sheet1!EH25 -> 0.65
A5: PERC bifacial - p-type, 182 mm, 72 cells (540-550W)/(420-495W) | B5: 1.85 | C5: 1.81 | D5: 1.81 | E5: 1.81 | F5: 1.81 | G5: 1.8 | H5: 1.8 | I5: 1.78 | J5: 1.78 | K5: 1.78 | L5: 1.76 | M5: 1.75 | N5: 1.75 | O5: 1.75 | P5: 1.75 | Q5: 1.73 | R5: 1.73 | S5: 1.7 | T5: 1.65 | U5: 1.65 | V5: 1.62 | W5: 1.59 | X5: 1.42 | Y5: 1.4 | Z5: 1.395 | AA5: 1.39 | AB5: 1.355 | AC5: 1.33 | AD5: 1.33 | AE5: 1.28 | AF5: 1.28 | AG5: 1.28 | AH5: 1.28 | AI5: 1.28 | AJ5: 1.28 | AK5: 1.265 | AL5: 1.24 | AM5: 1.18 | AN5: 1.18 | AO5: 1.15 | AP5: 1.12 | AQ5: 1.1 | AR5: 1.05 | AS5: 1.04 | AT5: 1.04 | AU5: 1.03 | AV5: 1.03 | AW5: 0.95 | AX5: 0.94 | AY5: 0.92 | AZ5: =Sheet1!AY26 -> 0.91 | BA5: =Sheet1!AZ26 -> 0.91 | BB5: =Sheet1!BA26 -> 0.91 | BC5: =Sheet1!BB26 -> 0.89 | BD5: =Sheet1!BC26 -> 0.89 | BE5: =Sheet1!BD26 -> 0.89 | BF5: =Sheet1!BE26 -> 0.89 | BG5: =Sheet1!BF26 -> 0.89 | ... CI5: =Sheet1!CH26 -> 0.76 | CJ5: =Sheet1!CJ26 -> 0.74 | CK5: =Sheet1!CK26 -> 0.71 | CL5: =Sheet1!CL26 -> 0.71 | CM5: =Sheet1!CM26 -> 0.71 | CN5: =Sheet1!CN26 -> 0.69 | CO5: =Sheet1!CO26 -> 0.68 | CP5: =Sheet1!CP26 -> 0.68 | CQ5: =Sheet1!CQ26 -> 0.68 | ... EH5: =Sheet1!EH26 -> 0.665
A6: PERC bifacial - p-type, 210 mm, 55 cells (540-550W) | B6: 1.85 | C6: 1.81 | D6: 1.81 | E6: 1.81 | F6: 1.81 | G6: 1.8 | H6: 1.8 | I6: 1.78 | J6: 1.78 | K6: 1.78 | L6: 1.76 | M6: 1.75 | N6: 1.75 | O6: 1.75 | P6: 1.75 | Q6: 1.73 | R6: 1.73 | S6: 1.7 | T6: 1.66 | U6: 1.66 | V6: 1.63 | W6: 1.61 | X6: 1.44 | Y6: 1.42 | Z6: 1.415 | AA6: 1.41 | AB6: 1.36 | AC6: 1.33 | AD6: 1.33 | AE6: 1.28 | AF6: 1.28 | AG6: 1.28 | AH6: 1.28 | AI6: 1.28 | AJ6: 1.28 | AK6: 1.265 | AL6: 1.24 | AM6: 1.18 | AN6: 1.18 | AO6: 1.15 | AP6: 1.14 | AQ6: 1.12 | AR6: 1.05 | AS6: 1.04 | AT6: 1.13 | AU6: 1.13 | AV6: 1.13 | AW6: 0.98 | AX6: 0.96 | AY6: 0.94 | AZ6: =Sheet1!AY27 -> 0.93 | BA6: =Sheet1!AZ27 -> 0.93 | BB6: =Sheet1!BA27 -> 0.93 | BC6: =Sheet1!BB27 -> 0.92 | BD6: =Sheet1!BC27 -> 0.92 | BE6: =Sheet1!BD27 -> 0.92 | BF6: =Sheet1!BE27 -> 0.92 | BG6: =Sheet1!BF27 -> 0.92 | ... CI6: =Sheet1!CH27 -> 0.78 | CJ6: =Sheet1!CJ27 -> 0.75 | CK6: =Sheet1!CK27 -> 0.72 | CL6: =Sheet1!CL27 -> 0.72 | CM6: =Sheet1!CM27 -> 0.72 | CN6: =Sheet1!CN27 -> 0.7 | CO6: =Sheet1!CO27 -> 0.69 | CP6: =Sheet1!CP27 -> 0.69 | CQ6: =Sheet1!CQ27 -> 0.69 | ... EH6: =Sheet1!EH27 -> 0.67
A7: TOPCon bifacial - n-type, 182 mm, 72 cells (580-590W) | B7: 1.92 | C7: 1.87 | D7: 1.87 | E7: 1.87 | F7: 1.87 | G7: 1.87 | H7: 1.85 | I7: 1.85 | J7: 1.85 | K7: 1.85 | L7: 1.85 | M7: 1.85 | N7: 1.85 | O7: 1.85 | P7: 1.85 | Q7: 1.83 | R7: 1.83 | S7: 1.78 | T7: 1.74 | U7: 1.74 | V7: 1.7 | W7: 1.69 | X7: 1.5 | Y7: 1.48 | Z7: 1.455 | AA7: 1.455 | AB7: 1.397 | AC7: 1.38 | AD7: 1.38 | AE7: 1.33 | AF7: 1.33 | AG7: 1.33 | AH7: 1.33 | AI7: 1.33 | AJ7: 1.33 | AK7: 1.33 | AL7: 1.28 | AM7: 1.24 | AN7: 1.24 | AO7: 1.18 | AP7: 1.17 | AQ7: 1.15 | AR7: 1.13 | AS7: 1.1 | AT7: 1.1 | AU7: 1.09 | AV7: 1.09 | AW7: 1.03 | AX7: 1.03 | AY7: 1.02 | AZ7: =Sheet1!AY28 -> 1.02 | BA7: =Sheet1!AZ28 -> 1.02 | BB7: =Sheet1!BA28 -> 1.02 | BC7: =Sheet1!BB28 -> 1.02 | BD7: =Sheet1!BC28 -> 0.96 | BE7: =Sheet1!BD28 -> 0.96 | BF7: =Sheet1!BE28 -> 0.96 | BG7: =Sheet1!BF28 -> 0.96 | ... CI7: =Sheet1!CH28 -> 0.75 | CJ7: =Sheet1!CJ28 -> 0.75 | CK7: =Sheet1!CK28 -> 0.74 | CL7: =Sheet1!CL28 -> 0.74 | CM7: =Sheet1!CM28 -> 0.72 | CN7: =Sheet1!CN28 -> 0.72 | CO7: =Sheet1!CO28 -> 0.72 | CP7: =Sheet1!CP28 -> 0.72 | CQ7: =Sheet1!CQ28 -> 0.7 | ... GC7: =Sheet1!GC28 -> 0.66
A8: TOPCon bifacial - n-type, 210 mm, 60 cells (620-630W) | BD8: =Sheet1!BC29 -> 0.96 | BE8: =Sheet1!BD29 -> 0.96 | BF8: =Sheet1!BE29 -> 0.96 | BG8: =Sheet1!BF29 -> 0.96 | BH8: =Sheet1!BG29 -> 0.96 | BI8: =Sheet1!BH29 -> 0.96 | BJ8: =Sheet1!BI29 -> 0.96 | BK8: =Sheet1!BJ29 -> 0.96 | ... CI8: =Sheet1!CH29 -> 0.76 | CJ8: =Sheet1!CJ29 -> 0.76 | CK8: =Sheet1!CK29 -> 0.75 | CL8: =Sheet1!CL29 -> 0.75 | CM8: =Sheet1!CM29 -> 0.73 | CN8: =Sheet1!CN29 -> 0.73 | CO8: =Sheet1!CO29 -> 0.725 | CP8: =Sheet1!CP29 -> 0.725 | CQ8: =Sheet1!CQ29 -> 0.71 | ... GF8: =Sheet1!GF29 -> 0.705
A9: TOPCon bifacial - n-type, 210 mm, 60 cells (700-725W) | EI9: =Sheet1!EI30 -> 0.7 | EJ9: =Sheet1!EJ30 -> 0.688 | EK9: =Sheet1!EK30 -> 0.7 | EL9: =Sheet1!EL30 -> 0.7 | EM9: =Sheet1!EM30 -> 0.7 | EN9: =Sheet1!EN30 -> 0.7 | EO9: =Sheet1!EO30 -> 0.7 | EP9: =Sheet1!EP30 -> 0.7 | ... GC9: =Sheet1!GC30 -> 0.73
A10: 210 mm HJT Module (615-635W) | BH10: =Sheet1!BG31 -> 1.1 | BI10: =Sheet1!BH31 -> 1.1 | BJ10: =Sheet1!BI31 -> 1.1 | BK10: =Sheet1!BJ31 -> 1.1 | BL10: =Sheet1!BK31 -> 1.05 | BM10: =Sheet1!BL31 -> 1.05 | BN10: =Sheet1!BM31 -> 1.05 | BO10: =Sheet1!BN31 -> 1.05 | ... CI10: =Sheet1!CH31 -> 0.81 | CJ10: =Sheet1!CJ31 -> 0.81 | CK10: =Sheet1!CK31 -> 0.78 | CL10: =Sheet1!CL31 -> 0.78 | CM10: =Sheet1!CM31 -> 0.78 | CN10: =Sheet1!CN31 -> 0.78 | CO10: =Sheet1!CO31 -> 0.78 | CP10: =Sheet1!CP31 -> 0.78 | CQ10: =Sheet1!CQ31 -> 0.78 | ... DU10: =Sheet1!DU31 -> 0.755
A11: BC Module (655W+) | DI11: =Sheet1!DI33 -> 0.87 | DJ11: =Sheet1!DJ33 -> 0.87 | DK11: =Sheet1!DK33 -> 0.87 | DL11: =Sheet1!DL33 -> 0.87 | DM11: =Sheet1!DM33 -> 0.83 | DN11: =Sheet1!DN33 -> 0.83 | DO11: =Sheet1!DO33 -> 0.83 | DP11: =Sheet1!DP33 -> 0.78 | ... GF11: =Sheet1!GF33 -> 0.81
A12: BC Module (655W+) 210R | DI12: =Sheet1!DI34 -> 0.805 | DJ12: =Sheet1!DJ34 -> 0.805 | DK12: =Sheet1!DK34 -> 0.805 | DL12: =Sheet1!DL34 -> 0.805 | DM12: =Sheet1!DM34 -> 0.8 | DN12: =Sheet1!DN34 -> 0.8 | DO12: =Sheet1!DO34 -> 0.8 | DP12: =Sheet1!DP34 -> 0.76 | ... GF12: =Sheet1!GF34 -> 0.78
A13: 210 mm HJT Module (715-730W) | DU13: =Sheet1!DU32 -> 0.78 | DV13: =Sheet1!DV32 -> 0.78 | DW13: =Sheet1!DW32 -> 0.78 | DX13: =Sheet1!DX32 -> 0.78 | DY13: =Sheet1!DY32 -> 0.78 | DZ13: =Sheet1!DZ32 -> 0.785 | EA13: =Sheet1!EA32 -> 0.785 | EB13: =Sheet1!EB32 -> 0.79 | ... GF13: =Sheet1!GF32 -> 0.83
A14: China Project Price (≥595W) | DR14: =Sheet1!DR37 -> 0.68 | DS14: =Sheet1!DS37 -> 0.69 | DT14: =Sheet1!DT37 -> 0.69 | DU14: =Sheet1!DU33 -> 0.78 | DV14: =Sheet1!DV33 -> 0.78 | DW14: =Sheet1!DW33 -> 0.78 | DX14: =Sheet1!DX33 -> 0.78 | DY14: =Sheet1!DY33 -> 0.78 | DZ14: =Sheet1!DZ33 -> 0.79 | EA14: =Sheet1!EA33 -> 0.79 | EB14: =Sheet1!EB33 -> 0.79 | ... GF14: =Sheet1!GF33 -> 0.81
A15: China Project Price (≥615W) | DU15: =Sheet1!DU34 -> 0.76 | DV15: =Sheet1!DV34 -> 0.76 | DW15: =Sheet1!DW34 -> 0.76 | DX15: =Sheet1!DX34 -> 0.76 | DY15: =Sheet1!DY34 -> 0.76 | DZ15: =Sheet1!DZ34 -> 0.76 | EA15: =Sheet1!EA34 -> 0.76 | EB15: =Sheet1!EB34 -> 0.76 | ... GF15: =Sheet1!GF34 -> 0.78
A16: China Project Price (≥585W) | DU16: =Sheet1!DU36 -> 0.68 | DV16: =Sheet1!DV36 -> 0.68 | DW16: =Sheet1!DW36 -> 0.68 | DX16: =Sheet1!DX36 -> 0.68 | DY16: =Sheet1!DY36 -> 0.685 | DZ16: =Sheet1!DZ36 -> 0.705 | EA16: =Sheet1!EA36 -> 0.705 | EB16: =Sheet1!EB36 -> 0.72 | ... GF16: =Sheet1!GF36 -> 0.67
A17: TOPCon bifacial - n-type, 210R, 60 Cell (610-635W) | EL17: =Sheet1!EL35 -> 0.685 | EM17: =Sheet1!EM35 -> 0.68 | EN17: =Sheet1!EN35 -> 0.67 | EO17: =Sheet1!EO35 -> 0.67 | EP17: =Sheet1!EP35 -> 0.67 | EQ17: =Sheet1!EQ35 -> 0.67 | ER17: =Sheet1!ER35 -> 0.66 | ES17: =Sheet1!ES35 -> 0.66 | ... GF17: =Sheet1!GF35 -> 0.7

Sheet glass
B2: 2023 | BA2: 2024 | CX2: 2025 | EW2: 2026
B3: 1 | C3: 2 | D3: 3 | E3: 5 | F3: 6 | G3: 7 | H3: 8 | I3: 9 | J3: 10 | K3: 11 | L3: 12 | M3: 13 | N3: 14 | O3: 15 | P3: 16 | Q3: 17 | R3: 18 | S3: 19 | T3: 20 | U3: 21 | V3: 22 | W3: 23 | X3: 24 | Y3: 25 | Z3: 26 | AA3: 27 | AB3: 28 | AC3: 29 | AD3: 30 | AE3: 31 | AF3: 32 | AG3: 33 | AH3: 34 | AI3: 35 | AJ3: 36 | AK3: 37 | AL3: 38 | AM3: 39 | AN3: 40 | AO3: 41 | AP3: 42 | AQ3: 43 | AR3: 44 | AS3: 45 | AT3: 46 | AU3: 47 | AV3: 48 | AW3: 49 | AX3: 50 | AY3: 51 | AZ3: 52 | BA3: 1 | BB3: 2 | BC3: 3 | BD3: 4 | BE3: 5 | BF3: 6 | BG3: 8 | BH3: 9 | BI3: 10 | BJ3: 11 | BK3: 12 | BL3: 13 | BM3: 14 | BN3: 15 | BO3: 16 | BP3: 17 | BQ3: 19 | BR3: 20 | BS3: 21 | BT3: 22 | BU3: 23 | BV3: 24 | BW3: 25 | BX3: 26 | BY3: 27 | BZ3: 28 | CA3: 29 | CB3: 30 | CC3: 31 | CD3: 32 | CE3: 33 | CF3: 34 | CG3: 35 | CH3: 36 | CI3: 37 | CJ3: 38 | CK3: 39 | CL3: 41 | CM3: 42 | CN3: 43 | CO3: 44 | CP3: 45 | CQ3: 46 | CR3: 47 | CS3: 48 | CT3: 49 | CU3: 50 | CV3: 51 | CW3: 52 | CX3: 1 | CY3: 2 | CZ3: 3 | DA3: 4 | DB3: 6 | DC3: 7 | DD3: 8 | DE3: 9 | DF3: 10 | DG3: 11 | DH3: 12 | DI3: 13 | DJ3: 14 | DK3: 15 | DL3: 16 | DM3: 17 | DN3: 18 | DO3: 19 | DP3: 20 | DQ3: 21 | DR3: 22 | DS3: 23 | DT3: 24 | DU3: 25 | DV3: 26 | DW3: 27 | DX3: 28 | DY3: 29 | DZ3: 30 | EA3: 31 | EB3: 32 | EC3: 33 | ED3: 34 | EE3: 35 | EF3: 36 | EG3: 37 | EH3: 38 | EI3: 39 | EJ3: 41 | EK3: 42 | EL3: 43 | EM3: 44 | EN3: 45 | EO3: 46 | EP3: 47 | EQ3: 48 | ER3: 49 | ES3: 50 | ET3: 51 | EU3: 52 | EV3: EoY | EW3: 1 | EX3: 2 | EY3: 3 | EZ3: 4 | FA3: 5 | FB3: 6 | FC3: 8 | FD3: 9 | FE3: 10 | FF3: 11 | FG3: 12 | FH3: 13 | FI3: 14 | FJ3: 15 | FK3: 16 | FL3: 17 | FM3: 18 | FN3: 19 | FO3: 20 | FP3: 21 | FQ3: 22 | FR3: 23 | FS3: 24 | FT3: 25 | FU3: 26 | FV3: 27 | FW3: 28 | FX3: 29 | FY3: 30 | FZ3: 31 | GA3: 32 | GB3: 33 | GC3: 34 | GD3: 35 | GE3: 36 | GF3: 37
A4: =Sheet1!A40 -> 3.2 mm | B4: 27.5 | C4: 26.5 | D4: 26.5 | E4: 26.5 | F4: 26.5 | G4: 26.5 | H4: 26.5 | I4: 26.5 | J4: 26.5 | K4: 27 | L4: 25 | M4: 25 | N4: 25 | O4: 25 | P4: 25 | Q4: 25 | R4: 25 | S4: 25 | T4: 25 | U4: 25 | V4: 25 | W4: 25 | X4: 25 | Y4: 25 | Z4: 25 | AA4: 25 | AB4: 25 | AC4: 25 | AD4: 25 | AE4: 25.5 | AF4: 25.5 | AG4: 25.5 | AH4: 25.5 | AI4: 28 | AJ4: 28 | AK4: 28 | AL4: 28 | AM4: 28 | AN4: 28 | AO4: 28 | AP4: 28 | AQ4: 28 | AR4: 28 | AS4: 28 | AT4: 28 | AU4: 28 | AV4: 28 | AW4: 28 | AX4: 28 | AY4: 28 | AZ4: =Sheet1!AY40 -> 28 | BA4: =Sheet1!AZ40 -> 28 | BB4: =Sheet1!BA40 -> 28 | BC4: =Sheet1!BB40 -> 28 | BD4: =Sheet1!BC40 -> 28 | BE4: =Sheet1!BD40 -> 28 | BF4: =Sheet1!BE40 -> 28 | BG4: =Sheet1!BF40 -> 28 | ... CI4: =Sheet1!CH40 -> 24 | CJ4: =Sheet1!CJ40 -> 23 | CK4: =Sheet1!CK40 -> 22 | CL4: =Sheet1!CL40 -> 22 | CM4: =Sheet1!CM40 -> 22 | CN4: =Sheet1!CN40 -> 22 | CO4: =Sheet1!CO40 -> 22 | CP4: =Sheet1!CP40 -> 22 | CQ4: =Sheet1!CQ40 -> 22 | ... GF4: =Sheet1!GF40 -> 18.5
A5: =Sheet1!A41 -> 2.0 mm | B5: 21 | C5: 20 | D5: 20 | E5: 20 | F5: 20 | G5: 20 | H5: 20 | I5: 20 | J5: 20 | K5: 20 | L5: 18.5 | M5: 18.5 | N5: 18.5 | O5: 18.5 | P5: 18.5 | Q5: 18.5 | R5: 18.5 | S5: 18.5 | T5: 18.5 | U5: 18.5 | V5: 18.5 | W5: 18.5 | X5: 18.5 | Y5: 18.5 | Z5: 18.5 | AA5: 18.5 | AB5: 18.5 | AC5: 18.5 | AD5: 18.5 | AE5: 18.5 | AF5: 18.5 | AG5: 18.5 | AH5: 18.5 | AI5: 20 | AJ5: 20 | AK5: 20 | AL5: 20 | AM5: 20 | AN5: 20 | AO5: 20 | AP5: 20 | AQ5: 20 | AR5: 20 | AS5: 20 | AT5: 20 | AU5: 20 | AV5: 20 | AW5: 20 | AX5: 20 | AY5: 20 | AZ5: =Sheet1!AY41 -> 20 | BA5: =Sheet1!AZ41 -> 20 | BB5: =Sheet1!BA41 -> 20 | BC5: =Sheet1!BB41 -> 20 | BD5: =Sheet1!BC41 -> 20 | BE5: =Sheet1!BD41 -> 20 | BF5: =Sheet1!BE41 -> 20 | BG5: =Sheet1!BF41 -> 20 | ... CI5: =Sheet1!CH41 -> 15 | CJ5: =Sheet1!CJ41 -> 14 | CK5: =Sheet1!CK41 -> 13 | CL5: =Sheet1!CL41 -> 13 | CM5: =Sheet1!CM41 -> 13 | CN5: =Sheet1!CN41 -> 13 | CO5: =Sheet1!CO41 -> 13 | CP5: =Sheet1!CP41 -> 13 | CQ5: =Sheet1!CQ41 -> 13 | ... GF5: =Sheet1!GF41 -> 11.5
